datetime,close,high,low,open,volume
,AHMA,AHMA,AHMA,AHMA,AHMA
2025-10-21 15:35:00+00:00,4.699999809265137,4.699999809265137,4.0,4.0,366548
2025-10-21 15:40:00+00:00,5.389999866485596,5.389999866485596,4.880000114440918,4.900000095367432,77927
2025-10-21 15:45:00+00:00,5.389999866485596,5.389999866485596,5.389999866485596,5.389999866485596,10662
2025-10-21 15:50:00+00:00,4.429999828338623,5.400000095367432,4.369999885559082,4.860000133514404,640561
2025-10-21 15:55:00+00:00,4.570000171661377,4.699999809265137,4.369999885559082,4.429999828338623,149371
2025-10-21 16:00:00+00:00,4.400000095367432,4.710000038146973,4.320000171661377,4.570000171661377,137071
2025-10-21 16:05:00+00:00,4.400000095367432,4.550000190734863,4.300000190734863,4.369999885559082,117486
2025-10-21 16:10:00+00:00,4.400000095367432,4.449999809265137,4.330699920654297,4.401000022888184,103074
2025-10-21 16:15:00+00:00,4.400000095367432,4.5,4.349999904632568,4.389999866485596,74096
2025-10-21 16:20:00+00:00,4.389999866485596,4.449999809265137,4.369999885559082,4.429999828338623,41204
2025-10-21 16:25:00+00:00,4.403500080108643,4.519999980926514,4.388000011444092,4.449999809265137,21051
2025-10-21 16:30:00+00:00,4.485000133514404,4.690000057220459,4.449999809265137,4.5,38762
2025-10-21 16:35:00+00:00,4.449999809265137,4.579999923706055,4.420000076293945,4.420000076293945,34876
2025-10-21 16:40:00+00:00,4.340000152587891,4.449999809265137,4.300000190734863,4.449999809265137,45258
2025-10-21 16:45:00+00:00,4.349999904632568,4.400000095367432,4.314000129699707,4.314000129699707,12771
2025-10-21 16:50:00+00:00,4.369999885559082,4.369999885559082,4.330100059509277,4.349999904632568,15264
2025-10-21 16:55:00+00:00,4.420000076293945,4.498899936676025,4.335000038146973,4.369999885559082,44200
2025-10-21 17:00:00+00:00,4.369999885559082,4.389999866485596,4.349999904632568,4.389999866485596,12294
2025-10-21 17:05:00+00:00,4.349999904632568,4.369999885559082,4.349999904632568,4.369999885559082,8276
2025-10-21 17:10:00+00:00,4.400000095367432,4.420000076293945,4.320000171661377,4.349999904632568,46848
2025-10-21 17:15:00+00:00,4.40500020980835,4.449999809265137,4.370100021362305,4.400000095367432,10391
2025-10-21 17:20:00+00:00,4.449999809265137,4.449999809265137,4.380000114440918,4.394999980926514,20506
2025-10-21 17:25:00+00:00,4.489999771118164,4.489999771118164,4.380000114440918,4.409999847412109,51226
2025-10-21 17:30:00+00:00,4.619999885559082,4.619999885559082,4.449999809265137,4.550000190734863,31940
2025-10-21 17:35:00+00:00,4.699999809265137,4.900000095367432,4.610000133514404,4.619999885559082,38534
2025-10-21 17:40:00+00:00,4.539999961853027,4.71999979019165,4.449999809265137,4.71999979019165,38301
2025-10-21 17:45:00+00:00,4.510000228881836,4.510000228881836,4.440000057220459,4.460000038146973,23609
2025-10-21 17:50:00+00:00,4.480000019073486,4.679999828338623,4.471099853515625,4.559999942779541,24228
2025-10-21 17:55:00+00:00,4.514999866485596,4.590000152587891,4.510000228881836,4.510000228881836,9113
2025-10-21 18:00:00+00:00,4.420000076293945,4.519999980926514,4.420000076293945,4.514999866485596,4907
2025-10-21 18:05:00+00:00,4.429999828338623,4.454999923706055,4.420000076293945,4.420000076293945,8516
2025-10-21 18:10:00+00:00,4.460000038146973,4.489999771118164,4.420000076293945,4.420000076293945,11021
2025-10-21 18:15:00+00:00,4.429999828338623,4.429999828338623,4.420000076293945,4.421999931335449,730
2025-10-21 18:20:00+00:00,4.429999828338623,4.429999828338623,4.400000095367432,4.409999847412109,13984
2025-10-21 18:25:00+00:00,4.5,4.5,4.425000190734863,4.425000190734863,21612
2025-10-21 18:30:00+00:00,4.501500129699707,4.550000190734863,4.5,4.5,7116
2025-10-21 18:35:00+00:00,4.519999980926514,4.529900074005127,4.429999828338623,4.480000019073486,35843
2025-10-21 18:40:00+00:00,4.449999809265137,4.514999866485596,4.410600185394287,4.514999866485596,30040
2025-10-21 18:45:00+00:00,4.46999979019165,4.46999979019165,4.360000133514404,4.420000076293945,38043
2025-10-21 18:50:00+00:00,4.440000057220459,4.46999979019165,4.400599956512451,4.46999979019165,14525
2025-10-21 18:55:00+00:00,4.550000190734863,4.550000190734863,4.440000057220459,4.458199977874756,22292
2025-10-21 19:00:00+00:00,4.559999942779541,4.659999847412109,4.480000019073486,4.480000019073486,16521
2025-10-21 19:05:00+00:00,4.550000190734863,4.599999904632568,4.550000190734863,4.550000190734863,4536
2025-10-21 19:10:00+00:00,4.4695000648498535,4.679999828338623,4.440000057220459,4.639999866485596,27048
2025-10-21 19:15:00+00:00,4.599999904632568,4.599999904632568,4.420000076293945,4.420000076293945,27062
2025-10-21 19:20:00+00:00,4.550000190734863,4.650000095367432,4.550000190734863,4.599999904632568,3695
2025-10-21 19:25:00+00:00,4.559999942779541,4.559999942779541,4.519999980926514,4.550000190734863,15316
2025-10-21 19:30:00+00:00,4.710000038146973,4.739999771118164,4.565000057220459,4.565000057220459,7796
2025-10-21 19:35:00+00:00,4.599999904632568,4.75,4.599999904632568,4.75,3770
2025-10-21 19:40:00+00:00,4.668799877166748,4.679999828338623,4.610000133514404,4.630000114440918,7736
2025-10-21 19:45:00+00:00,4.5605998039245605,4.610000133514404,4.449999809265137,4.610000133514404,37128
2025-10-21 19:50:00+00:00,4.599999904632568,4.739999771118164,4.519999980926514,4.599999904632568,54714
2025-10-21 19:55:00+00:00,4.619999885559082,4.644999980926514,4.519999980926514,4.550000190734863,44255
2025-10-22 13:30:00+00:00,4.190700054168701,4.275000095367432,4.130000114440918,4.25,86482
2025-10-22 13:35:00+00:00,4.199999809265137,4.207200050354004,4.130000114440918,4.179999828338623,8987
2025-10-22 13:40:00+00:00,4.236000061035156,4.258999824523926,4.179999828338623,4.199999809265137,7951
2025-10-22 13:45:00+00:00,4.316400051116943,4.379300117492676,4.179999828338623,4.215000152587891,23376
2025-10-22 13:50:00+00:00,4.309999942779541,4.320099830627441,4.25,4.320000171661377,14449
2025-10-22 14:00:00+00:00,4.429999828338623,4.429999828338623,4.360000133514404,4.379300117492676,15546
2025-10-22 14:05:00+00:00,4.369999885559082,4.440000057220459,4.320000171661377,4.409999847412109,138568
2025-10-22 14:10:00+00:00,4.329999923706055,4.394999980926514,4.309999942779541,4.329999923706055,123339
2025-10-22 14:15:00+00:00,4.379300117492676,4.400000095367432,4.320000171661377,4.369999885559082,40684
2025-10-22 14:20:00+00:00,4.419899940490723,4.419899940490723,4.3628997802734375,4.3628997802734375,32583
2025-10-22 14:25:00+00:00,4.440000057220459,4.440000057220459,4.400000095367432,4.400000095367432,7901
2025-10-22 14:30:00+00:00,4.430500030517578,4.489999771118164,4.430500030517578,4.489999771118164,17334
2025-10-22 14:35:00+00:00,4.400100231170654,4.454999923706055,4.400100231170654,4.454999923706055,1690
2025-10-22 14:40:00+00:00,4.462699890136719,4.46999979019165,4.400000095367432,4.429999828338623,57783
2025-10-22 14:45:00+00:00,4.490099906921387,4.490099906921387,4.460000038146973,4.46999979019165,25030
2025-10-22 14:50:00+00:00,4.420199871063232,4.487800121307373,4.420000076293945,4.487800121307373,111173
2025-10-22 14:55:00+00:00,4.449999809265137,4.449999809265137,4.409999847412109,4.420000076293945,36570
2025-10-22 15:00:00+00:00,4.420000076293945,4.434999942779541,4.409999847412109,4.434999942779541,13545
2025-10-22 15:05:00+00:00,4.409999847412109,4.429999828338623,4.409999847412109,4.429999828338623,12013
2025-10-22 15:10:00+00:00,4.420000076293945,4.420000076293945,4.409999847412109,4.409999847412109,20300
2025-10-22 15:15:00+00:00,4.400000095367432,4.40500020980835,4.400000095367432,4.400000095367432,4424
2025-10-22 15:20:00+00:00,4.420000076293945,4.427299976348877,4.400000095367432,4.400300025939941,30965
2025-10-22 15:25:00+00:00,4.40500020980835,4.40500020980835,4.40500020980835,4.40500020980835,11703
2025-10-22 15:35:00+00:00,4.403299808502197,4.40500020980835,4.400000095367432,4.40339994430542,33943
2025-10-22 15:40:00+00:00,4.40500020980835,4.40500020980835,4.400300025939941,4.400300025939941,8087
2025-10-22 15:45:00+00:00,4.40500020980835,4.40500020980835,4.400000095367432,4.400000095367432,0
2025-10-22 15:50:00+00:00,4.400000095367432,4.400000095367432,4.400000095367432,4.400000095367432,2190
2025-10-22 15:55:00+00:00,4.409999847412109,4.409999847412109,4.400000095367432,4.400000095367432,2662
2025-10-22 16:00:00+00:00,4.409999847412109,4.420000076293945,4.409999847412109,4.420000076293945,2001
2025-10-22 16:10:00+00:00,4.434999942779541,4.434999942779541,4.409999847412109,4.409999847412109,2798
2025-10-22 16:15:00+00:00,4.420000076293945,4.429999828338623,4.420000076293945,4.429999828338623,401
2025-10-22 16:20:00+00:00,4.414999961853027,4.420000076293945,4.414999961853027,4.420000076293945,3988
2025-10-22 16:25:00+00:00,4.409999847412109,4.409999847412109,4.400000095367432,4.400000095367432,2236
2025-10-22 16:30:00+00:00,4.400000095367432,4.414999961853027,4.400000095367432,4.414999961853027,3067
2025-10-22 16:35:00+00:00,4.420199871063232,4.420199871063232,4.420199871063232,4.420199871063232,1206
2025-10-22 16:40:00+00:00,4.409900188446045,4.409900188446045,4.409900188446045,4.409900188446045,910
2025-10-22 16:45:00+00:00,4.409999847412109,4.409999847412109,4.4004998207092285,4.40500020980835,18195
2025-10-22 16:50:00+00:00,4.420000076293945,4.420000076293945,4.400100231170654,4.400100231170654,1120
2025-10-22 16:55:00+00:00,4.409999847412109,4.420000076293945,4.400000095367432,4.420000076293945,12060
2025-10-22 17:00:00+00:00,4.400100231170654,4.400100231170654,4.400100231170654,4.400100231170654,3082
2025-10-22 17:05:00+00:00,4.400000095367432,4.400000095367432,4.394999980926514,4.394999980926514,3080
2025-10-22 17:10:00+00:00,4.385000228881836,4.394999980926514,4.385000228881836,4.394999980926514,2306
2025-10-22 17:15:00+00:00,4.349999904632568,4.389999866485596,4.349999904632568,4.349999904632568,9335
2025-10-22 17:20:00+00:00,4.349999904632568,4.349999904632568,4.349999904632568,4.349999904632568,2976
2025-10-22 17:25:00+00:00,4.375,4.399899959564209,4.355000019073486,4.360000133514404,4600
2025-10-22 17:35:00+00:00,4.360000133514404,4.360000133514404,4.360000133514404,4.360000133514404,672
2025-10-22 17:40:00+00:00,4.320000171661377,4.340000152587891,4.320000171661377,4.320000171661377,10896
2025-10-22 17:45:00+00:00,4.320400238037109,4.349999904632568,4.320000171661377,4.340000152587891,395
2025-10-22 17:50:00+00:00,4.340000152587891,4.340000152587891,4.320000171661377,4.340000152587891,7115
2025-10-22 18:00:00+00:00,4.320000171661377,4.335000038146973,4.320000171661377,4.335000038146973,1208
2025-10-22 18:05:00+00:00,4.320000171661377,4.320000171661377,4.309999942779541,4.320000171661377,2498
2025-10-22 18:10:00+00:00,4.320000171661377,4.32859992980957,4.320000171661377,4.320000171661377,1076
2025-10-22 18:15:00+00:00,4.360000133514404,4.360000133514404,4.309999942779541,4.309999942779541,9299
2025-10-22 18:20:00+00:00,4.369999885559082,4.369999885559082,4.369999885559082,4.369999885559082,1400
2025-10-22 18:25:00+00:00,4.400000095367432,4.400000095367432,4.400000095367432,4.400000095367432,251
2025-10-22 18:30:00+00:00,4.460000038146973,4.460000038146973,4.460000038146973,4.460000038146973,1492
2025-10-22 18:35:00+00:00,4.429999828338623,4.459400177001953,4.429999828338623,4.459400177001953,1114
2025-10-22 18:40:00+00:00,4.400000095367432,4.460000038146973,4.400000095367432,4.460000038146973,4956
2025-10-22 18:45:00+00:00,4.40500020980835,4.460000038146973,4.40500020980835,4.429999828338623,2863
2025-10-22 18:50:00+00:00,4.40500020980835,4.40500020980835,4.40500020980835,4.40500020980835,1800
2025-10-22 18:55:00+00:00,4.429999828338623,4.429999828338623,4.40500020980835,4.40500020980835,438
2025-10-22 19:10:00+00:00,4.409999847412109,4.409999847412109,4.409999847412109,4.409999847412109,706
2025-10-22 19:20:00+00:00,4.422500133514404,4.429699897766113,4.400000095367432,4.429699897766113,2804
2025-10-22 19:25:00+00:00,4.409999847412109,4.420000076293945,4.400000095367432,4.400000095367432,2245
2025-10-22 19:30:00+00:00,4.409999847412109,4.420000076293945,4.409999847412109,4.409999847412109,3964
2025-10-22 19:35:00+00:00,4.409999847412109,4.409999847412109,4.409999847412109,4.409999847412109,2658
2025-10-22 19:40:00+00:00,4.420000076293945,4.420000076293945,4.420000076293945,4.420000076293945,560
2025-10-22 19:45:00+00:00,4.360000133514404,4.429999828338623,4.360000133514404,4.429999828338623,10476
2025-10-22 19:50:00+00:00,4.346499919891357,4.360000133514404,4.346499919891357,4.360000133514404,3196
2025-10-22 19:55:00+00:00,4.385000228881836,4.429999828338623,4.364999771118164,4.369500160217285,18001
2025-10-23 13:30:00+00:00,4.449999809265137,4.489999771118164,4.449999809265137,4.489999771118164,8689
2025-10-23 13:35:00+00:00,4.489999771118164,4.494999885559082,4.460700035095215,4.4918999671936035,13667
2025-10-23 13:40:00+00:00,4.489999771118164,4.489999771118164,4.489999771118164,4.489999771118164,402
2025-10-23 13:45:00+00:00,4.480599880218506,4.510000228881836,4.480599880218506,4.5,12284
2025-10-23 13:50:00+00:00,4.568299770355225,4.568299770355225,4.480000019073486,4.489999771118164,8852
2025-10-23 14:00:00+00:00,4.559999942779541,4.559999942779541,4.550000190734863,4.550000190734863,1247
2025-10-23 14:10:00+00:00,4.474999904632568,4.5,4.420000076293945,4.449999809265137,4704
2025-10-23 14:15:00+00:00,4.489999771118164,4.489999771118164,4.489999771118164,4.489999771118164,1618
2025-10-23 14:25:00+00:00,4.489999771118164,4.489999771118164,4.489999771118164,4.489999771118164,6997
2025-10-23 14:30:00+00:00,4.46999979019165,4.46999979019165,4.46999979019165,4.46999979019165,0
2025-10-23 14:40:00+00:00,4.449999809265137,4.449999809265137,4.449999809265137,4.449999809265137,563
2025-10-23 14:45:00+00:00,4.489999771118164,4.489999771118164,4.4506001472473145,4.46999979019165,9100
2025-10-23 14:50:00+00:00,4.450399875640869,4.489200115203857,4.450399875640869,4.489200115203857,4253
2025-10-23 14:55:00+00:00,4.460000038146973,4.5,4.450099945068359,4.488999843597412,6329
2025-10-23 15:00:00+00:00,4.480000019073486,4.480000019073486,4.474999904632568,4.474999904632568,2400
2025-10-23 15:05:00+00:00,4.489999771118164,4.489999771118164,4.489999771118164,4.489999771118164,2800
2025-10-23 15:10:00+00:00,4.4710001945495605,4.4710001945495605,4.4710001945495605,4.4710001945495605,1000
2025-10-23 15:20:00+00:00,4.460000038146973,4.480000019073486,4.450099945068359,4.480000019073486,11460
2025-10-23 15:35:00+00:00,4.429999828338623,4.449999809265137,4.429999828338623,4.449999809265137,7696
2025-10-23 15:40:00+00:00,4.410099983215332,4.410099983215332,4.410099983215332,4.410099983215332,3816
2025-10-23 15:45:00+00:00,4.436299800872803,4.436299800872803,4.436299800872803,4.436299800872803,0
2025-10-23 15:50:00+00:00,4.400000095367432,4.400000095367432,4.400000095367432,4.400000095367432,2654
2025-10-23 16:05:00+00:00,4.400000095367432,4.400100231170654,4.400000095367432,4.400100231170654,3010
2025-10-23 16:10:00+00:00,4.340000152587891,4.409999847412109,4.3379998207092285,4.400000095367432,7833
2025-10-23 16:15:00+00:00,4.389999866485596,4.389999866485596,4.365200042724609,4.365200042724609,25983
2025-10-23 16:45:00+00:00,4.400300025939941,4.400300025939941,4.400100231170654,4.400100231170654,9520
2025-10-23 17:00:00+00:00,4.405600070953369,4.405600070953369,4.405600070953369,4.405600070953369,0
2025-10-23 17:10:00+00:00,4.409999847412109,4.409999847412109,4.409999847412109,4.409999847412109,0
2025-10-23 17:30:00+00:00,4.5,4.5,4.449999809265137,4.449999809265137,5499
2025-10-23 18:00:00+00:00,4.474699974060059,4.489999771118164,4.474699974060059,4.489999771118164,300
2025-10-23 18:05:00+00:00,4.460000038146973,4.460000038146973,4.460000038146973,4.460000038146973,900
2025-10-23 18:30:00+00:00,4.440000057220459,4.489999771118164,4.440000057220459,4.489999771118164,1181
2025-10-23 18:40:00+00:00,4.48960018157959,4.48960018157959,4.46999979019165,4.46999979019165,2166
2025-10-23 19:20:00+00:00,4.349999904632568,4.369999885559082,4.340000152587891,4.369999885559082,11913
2025-10-23 19:25:00+00:00,4.329999923706055,4.329999923706055,4.329999923706055,4.329999923706055,6673
2025-10-23 19:35:00+00:00,4.320000171661377,4.340000152587891,4.320000171661377,4.340000152587891,2491
2025-10-23 19:40:00+00:00,4.320000171661377,4.33489990234375,4.320000171661377,4.320000171661377,1102
2025-10-23 19:45:00+00:00,4.329999923706055,4.329999923706055,4.320000171661377,4.320000171661377,490
2025-10-23 19:50:00+00:00,4.340000152587891,4.349999904632568,4.329999923706055,4.329999923706055,2939
2025-10-23 19:55:00+00:00,4.360000133514404,4.369999885559082,4.230000019073486,4.329999923706055,74305
2025-10-24 13:30:00+00:00,4.369999885559082,4.369999885559082,4.369999885559082,4.369999885559082,3462
2025-10-24 13:35:00+00:00,4.380000114440918,4.380000114440918,4.380000114440918,4.380000114440918,1465
2025-10-24 13:55:00+00:00,4.420000076293945,4.420000076293945,4.380000114440918,4.400000095367432,3406
2025-10-24 14:00:00+00:00,4.401000022888184,4.420000076293945,4.4004998207092285,4.409999847412109,1513
2025-10-24 14:25:00+00:00,4.434999942779541,4.460000038146973,4.434999942779541,4.460000038146973,2308
2025-10-24 14:35:00+00:00,4.425000190734863,4.449900150299072,4.425000190734863,4.449399948120117,2694
2025-10-24 14:40:00+00:00,4.425000190734863,4.425000190734863,4.425000190734863,4.425000190734863,1625
2025-10-24 14:55:00+00:00,4.4145002365112305,4.4145002365112305,4.4145002365112305,4.4145002365112305,251
2025-10-24 15:00:00+00:00,4.400000095367432,4.420000076293945,4.400000095367432,4.409999847412109,1813
2025-10-24 15:05:00+00:00,4.400000095367432,4.400000095367432,4.400000095367432,4.400000095367432,289
2025-10-24 15:30:00+00:00,4.420199871063232,4.425000190734863,4.420199871063232,4.425000190734863,412
2025-10-24 15:40:00+00:00,4.425000190734863,4.425000190734863,4.425000190734863,4.425000190734863,200
2025-10-24 15:45:00+00:00,4.449999809265137,4.449999809265137,4.440000057220459,4.440000057220459,365
2025-10-24 15:50:00+00:00,4.449999809265137,4.449999809265137,4.420000076293945,4.425000190734863,3820
2025-10-24 15:55:00+00:00,4.429999828338623,4.440000057220459,4.40339994430542,4.440000057220459,1302
2025-10-24 16:00:00+00:00,4.449999809265137,4.449999809265137,4.420000076293945,4.420000076293945,4200
2025-10-24 16:10:00+00:00,4.425000190734863,4.425000190734863,4.425000190734863,4.425000190734863,2256
2025-10-24 16:20:00+00:00,4.449999809265137,4.449999809265137,4.440000057220459,4.440000057220459,431
2025-10-24 16:30:00+00:00,4.409999847412109,4.409999847412109,4.409999847412109,4.409999847412109,1600
2025-10-24 16:45:00+00:00,4.480000019073486,4.480000019073486,4.400000095367432,4.409999847412109,11582
2025-10-24 17:05:00+00:00,4.400100231170654,4.400100231170654,4.400100231170654,4.400100231170654,10652
2025-10-24 17:10:00+00:00,4.4008002281188965,4.4008002281188965,4.4008002281188965,4.4008002281188965,0
2025-10-24 17:15:00+00:00,4.434999942779541,4.434999942779541,4.434999942779541,4.434999942779541,3415
2025-10-24 17:30:00+00:00,4.455399990081787,4.455399990081787,4.431700229644775,4.449999809265137,6407
2025-10-24 17:35:00+00:00,4.450099945068359,4.460000038146973,4.450099945068359,4.460000038146973,848
2025-10-24 17:40:00+00:00,4.550000190734863,4.550000190734863,4.462699890136719,4.469799995422363,22994
2025-10-24 17:45:00+00:00,4.550000190734863,4.550000190734863,4.494999885559082,4.550000190734863,11833
2025-10-24 17:55:00+00:00,4.539999961853027,4.539999961853027,4.5,4.5,4871
2025-10-24 18:10:00+00:00,4.539999961853027,4.539999961853027,4.519999980926514,4.519999980926514,3187
2025-10-24 18:15:00+00:00,4.5,4.5,4.5,4.5,209
2025-10-24 18:20:00+00:00,4.519999980926514,4.53000020980835,4.519999980926514,4.53000020980835,600
2025-10-24 18:25:00+00:00,4.53000020980835,4.53000020980835,4.53000020980835,4.53000020980835,200
2025-10-24 18:30:00+00:00,4.519999980926514,4.519999980926514,4.519999980926514,4.519999980926514,300
2025-10-24 18:35:00+00:00,4.510000228881836,4.510000228881836,4.510000228881836,4.510000228881836,500
2025-10-24 18:40:00+00:00,4.520100116729736,4.53000020980835,4.520100116729736,4.53000020980835,4291
2025-10-24 18:45:00+00:00,4.449999809265137,4.53000020980835,4.449999809265137,4.53000020980835,8229
2025-10-24 18:50:00+00:00,4.409999847412109,4.485000133514404,4.409999847412109,4.451499938964844,16207
2025-10-24 18:55:00+00:00,4.465000152587891,4.465000152587891,4.410099983215332,4.410099983215332,3372
2025-10-24 19:00:00+00:00,4.480000019073486,4.480000019073486,4.480000019073486,4.480000019073486,1300
2025-10-24 19:05:00+00:00,4.474999904632568,4.5,4.474999904632568,4.480000019073486,2870
2025-10-24 19:15:00+00:00,4.420000076293945,4.440000057220459,4.420000076293945,4.440000057220459,5261
2025-10-24 19:25:00+00:00,4.453000068664551,4.453000068664551,4.453000068664551,4.453000068664551,1176
2025-10-24 19:30:00+00:00,4.454999923706055,4.454999923706055,4.440299987792969,4.440299987792969,3970
2025-10-24 19:40:00+00:00,4.400000095367432,4.429999828338623,4.400000095367432,4.429999828338623,757
2025-10-24 19:45:00+00:00,4.429999828338623,4.429999828338623,4.414999961853027,4.414999961853027,314
2025-10-24 19:50:00+00:00,4.422299861907959,4.422299861907959,4.422299861907959,4.422299861907959,5000
2025-10-24 19:55:00+00:00,4.460000038146973,4.489999771118164,4.420000076293945,4.420000076293945,23843
2025-10-27 13:30:00+00:00,4.440000057220459,4.440000057220459,4.440000057220459,4.440000057220459,6408
2025-10-27 13:40:00+00:00,4.449999809265137,4.449999809265137,4.449999809265137,4.449999809265137,5111
2025-10-27 13:45:00+00:00,4.410099983215332,4.410099983215332,4.410099983215332,4.410099983215332,500
2025-10-27 13:50:00+00:00,4.420100212097168,4.420100212097168,4.420100212097168,4.420100212097168,4250
2025-10-27 13:55:00+00:00,4.409999847412109,4.429999828338623,4.409999847412109,4.420199871063232,3654
2025-10-27 14:00:00+00:00,4.411099910736084,4.411099910736084,4.410200119018555,4.410200119018555,3900
2025-10-27 14:05:00+00:00,4.414999961853027,4.420000076293945,4.380300045013428,4.420000076293945,4653
2025-10-27 14:10:00+00:00,4.440000057220459,4.440000057220459,4.440000057220459,4.440000057220459,835
2025-10-27 14:35:00+00:00,4.440000057220459,4.440000057220459,4.401199817657471,4.425000190734863,6195
2025-10-27 15:05:00+00:00,4.425000190734863,4.425000190734863,4.425000190734863,4.425000190734863,444
2025-10-27 15:30:00+00:00,4.420000076293945,4.420000076293945,4.420000076293945,4.420000076293945,1096
2025-10-27 15:35:00+00:00,4.440000057220459,4.440000057220459,4.439000129699707,4.439000129699707,472
2025-10-27 15:50:00+00:00,4.440000057220459,4.440000057220459,4.440000057220459,4.440000057220459,200
2025-10-27 15:55:00+00:00,4.420000076293945,4.420000076293945,4.420000076293945,4.420000076293945,705
2025-10-27 16:40:00+00:00,4.429999828338623,4.449999809265137,4.420000076293945,4.449999809265137,4323
2025-10-27 18:20:00+00:00,4.449999809265137,4.449999809265137,4.449999809265137,4.449999809265137,164
2025-10-27 18:30:00+00:00,4.465000152587891,4.465000152587891,4.465000152587891,4.465000152587891,166
2025-10-27 18:35:00+00:00,4.449999809265137,4.449999809265137,4.449999809265137,4.449999809265137,271
2025-10-27 18:45:00+00:00,4.440000057220459,4.440000057220459,4.440000057220459,4.440000057220459,302
2025-10-27 19:00:00+00:00,4.460000038146973,4.460000038146973,4.460000038146973,4.460000038146973,256
2025-10-27 19:10:00+00:00,4.45989990234375,4.460000038146973,4.459000110626221,4.459000110626221,764
2025-10-27 19:15:00+00:00,4.460000038146973,4.460000038146973,4.458799839019775,4.458799839019775,264
2025-10-27 19:20:00+00:00,4.460000038146973,4.460000038146973,4.460000038146973,4.460000038146973,400
2025-10-27 19:25:00+00:00,4.449999809265137,4.449999809265137,4.449999809265137,4.449999809265137,764
2025-10-27 19:35:00+00:00,4.460000038146973,4.460000038146973,4.454999923706055,4.454999923706055,470
2025-10-27 19:50:00+00:00,4.449999809265137,4.460000038146973,4.420000076293945,4.441999912261963,6984
2025-10-27 19:55:00+00:00,4.440000057220459,4.465000152587891,4.440000057220459,4.465000152587891,4810
2025-10-28 13:30:00+00:00,4.489999771118164,4.489999771118164,4.489999771118164,4.489999771118164,6118
2025-10-28 13:35:00+00:00,4.488999843597412,4.489999771118164,4.473800182342529,4.473800182342529,0
2025-10-28 13:40:00+00:00,4.449999809265137,4.464399814605713,4.449999809265137,4.464399814605713,300
2025-10-28 13:45:00+00:00,4.420000076293945,4.440000057220459,4.420000076293945,4.440000057220459,1801
2025-10-28 13:50:00+00:00,4.400100231170654,4.400100231170654,4.400100231170654,4.400100231170654,200
2025-10-28 14:00:00+00:00,4.400100231170654,4.420000076293945,4.400000095367432,4.400000095367432,3969
2025-10-28 14:15:00+00:00,4.480000019073486,4.480000019073486,4.449999809265137,4.449999809265137,701
2025-10-28 14:20:00+00:00,4.449999809265137,4.449999809265137,4.449999809265137,4.449999809265137,500
2025-10-28 14:25:00+00:00,4.449999809265137,4.449999809265137,4.449999809265137,4.449999809265137,1550
2025-10-28 14:35:00+00:00,4.449999809265137,4.449999809265137,4.449999809265137,4.449999809265137,500
2025-10-28 14:40:00+00:00,4.5,4.514200210571289,4.440000057220459,4.440000057220459,68970
2025-10-28 14:45:00+00:00,4.71999979019165,4.800000190734863,4.532899856567383,4.539999961853027,114150
2025-10-28 14:50:00+00:00,4.610000133514404,4.690000057220459,4.599999904632568,4.630000114440918,39350
2025-10-28 14:55:00+00:00,4.610099792480469,4.650000095367432,4.610099792480469,4.625,4696
2025-10-28 15:00:00+00:00,4.639999866485596,4.650000095367432,4.619999885559082,4.650000095367432,5823
2025-10-28 15:05:00+00:00,4.650000095367432,4.650000095367432,4.639999866485596,4.639999866485596,1314
2025-10-28 15:10:00+00:00,4.650000095367432,4.670000076293945,4.650000095367432,4.670000076293945,1396
2025-10-28 15:20:00+00:00,4.651899814605713,4.651899814605713,4.651899814605713,4.651899814605713,587
2025-10-28 15:25:00+00:00,4.630199909210205,4.668900012969971,4.630199909210205,4.668900012969971,2855
2025-10-28 15:30:00+00:00,4.610000133514404,4.650000095367432,4.559999942779541,4.650000095367432,52866
2025-10-28 15:35:00+00:00,4.630000114440918,4.650000095367432,4.619999885559082,4.619999885559082,753
2025-10-28 15:40:00+00:00,4.650000095367432,4.650000095367432,4.600100040435791,4.600100040435791,3031
2025-10-28 15:45:00+00:00,4.659999847412109,4.739999771118164,4.659999847412109,4.679999828338623,17819
2025-10-28 15:50:00+00:00,4.630099773406982,4.630099773406982,4.630099773406982,4.630099773406982,2678
2025-10-28 16:10:00+00:00,4.619999885559082,4.619999885559082,4.610000133514404,4.610000133514404,3132
2025-10-28 16:15:00+00:00,4.610000133514404,4.619900226593018,4.534999847412109,4.599999904632568,4112
2025-10-28 16:20:00+00:00,4.565800189971924,4.565800189971924,4.565800189971924,4.565800189971924,4300
2025-10-28 16:25:00+00:00,4.559999942779541,4.559999942779541,4.559999942779541,4.559999942779541,1235
2025-10-28 16:50:00+00:00,4.690000057220459,4.690000057220459,4.630000114440918,4.630000114440918,21220
2025-10-28 17:00:00+00:00,4.602799892425537,4.635000228881836,4.602799892425537,4.633299827575684,4216
2025-10-28 17:20:00+00:00,4.635000228881836,4.635000228881836,4.600100040435791,4.600100040435791,3250
2025-10-28 17:40:00+00:00,4.639999866485596,4.639999866485596,4.639999866485596,4.639999866485596,3183
2025-10-28 18:10:00+00:00,4.639999866485596,4.639999866485596,4.639999866485596,4.639999866485596,800
2025-10-28 18:30:00+00:00,4.659999847412109,4.659999847412109,4.659999847412109,4.659999847412109,250
2025-10-28 18:45:00+00:00,4.7789998054504395,4.7789998054504395,4.63100004196167,4.668000221252441,7555
2025-10-28 18:50:00+00:00,4.619999885559082,4.65500020980835,4.619999885559082,4.65500020980835,994
2025-10-28 19:00:00+00:00,4.650000095367432,4.699999809265137,4.650000095367432,4.699999809265137,2248
2025-10-28 19:05:00+00:00,4.679999828338623,4.71999979019165,4.679999828338623,4.699999809265137,10531
2025-10-28 19:35:00+00:00,4.699999809265137,4.710000038146973,4.65500020980835,4.710000038146973,5964
2025-10-28 19:55:00+00:00,4.644999980926514,4.644999980926514,4.644999980926514,4.644999980926514,574
2025-10-29 13:30:00+00:00,4.820199966430664,4.920000076293945,4.6504998207092285,4.7058000564575195,27802
2025-10-29 13:35:00+00:00,4.860000133514404,4.980000019073486,4.789999961853027,4.800000190734863,47248
2025-10-29 13:40:00+00:00,4.9390997886657715,4.980000019073486,4.894999980926514,4.940000057220459,2040
2025-10-29 13:45:00+00:00,4.900100231170654,4.900100231170654,4.900100231170654,4.900100231170654,668
2025-10-29 13:50:00+00:00,4.897200107574463,4.897200107574463,4.897200107574463,4.897200107574463,1169
2025-10-29 13:55:00+00:00,4.880000114440918,4.880000114440918,4.864999771118164,4.864999771118164,1441
2025-10-29 14:00:00+00:00,4.909900188446045,4.949999809265137,4.909900188446045,4.909900188446045,7811
2025-10-29 14:05:00+00:00,4.989999771118164,4.989999771118164,4.920000076293945,4.920000076293945,4699
2025-10-29 14:10:00+00:00,5.375100135803223,5.449999809265137,4.980000019073486,4.980000019073486,64388
2025-10-29 14:15:00+00:00,5.300000190734863,5.340000152587891,4.849999904632568,5.309999942779541,21280
2025-10-29 14:20:00+00:00,5.360000133514404,5.419899940490723,5.301000118255615,5.301000118255615,8471
2025-10-29 14:25:00+00:00,5.204999923706055,5.360000133514404,5.119999885559082,5.230000019073486,1722
2025-10-29 14:30:00+00:00,5.5,5.53000020980835,5.30620002746582,5.360000133514404,29952
2025-10-29 14:35:00+00:00,5.400000095367432,5.800000190734863,5.400000095367432,5.599999904632568,42883
2025-10-29 14:40:00+00:00,5.509699821472168,5.579999923706055,5.400100231170654,5.400100231170654,8552
2025-10-29 14:45:00+00:00,5.614999771118164,5.679999828338623,5.5,5.590000152587891,25401
2025-10-29 14:50:00+00:00,5.520699977874756,5.6194000244140625,5.520699977874756,5.550000190734863,13048
2025-10-29 14:55:00+00:00,5.626699924468994,5.626699924468994,5.510000228881836,5.525000095367432,26614
2025-10-29 15:00:00+00:00,5.565000057220459,5.609899997711182,5.520100116729736,5.565000057220459,849
2025-10-29 15:05:00+00:00,5.570000171661377,5.570000171661377,5.559999942779541,5.559999942779541,1415
2025-10-29 15:10:00+00:00,5.559999942779541,5.572000026702881,5.559999942779541,5.565000057220459,2591
2025-10-29 15:15:00+00:00,5.559999942779541,5.559999942779541,5.559999942779541,5.559999942779541,1155
2025-10-29 15:20:00+00:00,5.500100135803223,5.610000133514404,5.500100135803223,5.599299907684326,9085
2025-10-29 15:25:00+00:00,5.566500186920166,5.566500186920166,5.500100135803223,5.500100135803223,482
2025-10-29 15:30:00+00:00,5.545000076293945,5.551199913024902,5.500100135803223,5.545000076293945,900
2025-10-29 15:35:00+00:00,5.545000076293945,5.545000076293945,5.545000076293945,5.545000076293945,242
2025-10-29 15:40:00+00:00,5.545000076293945,5.545000076293945,5.545000076293945,5.545000076293945,734
2025-10-29 15:45:00+00:00,5.545000076293945,5.545000076293945,5.51230001449585,5.51230001449585,14
2025-10-29 15:50:00+00:00,5.545000076293945,5.545000076293945,5.545000076293945,5.545000076293945,193
2025-10-29 15:55:00+00:00,5.824999809265137,5.899199962615967,5.590000152587891,5.590000152587891,8252
2025-10-29 16:00:00+00:00,5.699999809265137,5.730000019073486,5.610000133514404,5.730000019073486,9761
2025-10-29 16:05:00+00:00,5.675000190734863,5.760000228881836,5.626299858093262,5.760000228881836,4021
2025-10-29 16:10:00+00:00,5.679999828338623,5.679999828338623,5.679999828338623,5.679999828338623,250
2025-10-29 16:15:00+00:00,5.695000171661377,5.78000020980835,5.599999904632568,5.749899864196777,4626
2025-10-29 16:20:00+00:00,5.695000171661377,5.695000171661377,5.695000171661377,5.695000171661377,1398
2025-10-29 16:25:00+00:00,5.900000095367432,5.900000095367432,5.829999923706055,5.829999923706055,4365
2025-10-29 16:30:00+00:00,5.770899772644043,5.929900169372559,5.770899772644043,5.889999866485596,7449
2025-10-29 16:35:00+00:00,5.730000019073486,5.936200141906738,5.720099925994873,5.905799865722656,6225
2025-10-29 16:40:00+00:00,5.899600028991699,5.899600028991699,5.820000171661377,5.820000171661377,844
2025-10-29 16:45:00+00:00,5.889900207519531,5.889900207519531,5.829999923706055,5.829999923706055,2021
2025-10-29 16:50:00+00:00,5.885000228881836,5.889999866485596,5.769999980926514,5.8649001121521,4007
2025-10-29 16:55:00+00:00,5.86460018157959,5.880000114440918,5.86460018157959,5.880000114440918,2167
2025-10-29 17:00:00+00:00,5.909900188446045,5.909900188446045,5.800000190734863,5.880000114440918,4515
2025-10-29 17:05:00+00:00,5.860000133514404,5.860000133514404,5.855000019073486,5.855000019073486,454
2025-10-29 17:10:00+00:00,5.789999961853027,5.898499965667725,5.789999961853027,5.898499965667725,6360
2025-10-29 17:15:00+00:00,5.869999885559082,5.869999885559082,5.730299949645996,5.75,6678
2025-10-29 17:20:00+00:00,5.920300006866455,5.949900150299072,5.730000019073486,5.869999885559082,3268
2025-10-29 17:25:00+00:00,5.835000038146973,5.900000095367432,5.835000038146973,5.900000095367432,6856
2025-10-29 17:30:00+00:00,5.84499979019165,5.929999828338623,5.84499979019165,5.929999828338623,413
2025-10-29 17:35:00+00:00,5.864999771118164,5.864999771118164,5.835999965667725,5.860000133514404,4118
2025-10-29 17:40:00+00:00,6.039999961853027,6.050000190734863,5.809899806976318,5.809899806976318,20407
2025-10-29 17:45:00+00:00,6.088200092315674,6.289999961853027,6.049300193786621,6.050000190734863,19678
2025-10-29 17:50:00+00:00,6.119999885559082,6.269999980926514,6.025000095367432,6.16379976272583,8547
2025-10-29 17:55:00+00:00,6.1828999519348145,6.289899826049805,6.090099811553955,6.179999828338623,15693
2025-10-29 18:00:00+00:00,6.110000133514404,6.170000076293945,6.099999904632568,6.170000076293945,7643
2025-10-29 18:05:00+00:00,6.007699966430664,6.159900188446045,5.800099849700928,6.125,12778
2025-10-29 18:10:00+00:00,5.949999809265137,6.059999942779541,5.904699802398682,5.949999809265137,2673
2025-10-29 18:15:00+00:00,5.985000133514404,5.989999771118164,5.960000038146973,5.960000038146973,3570
2025-10-29 18:20:00+00:00,5.900000095367432,6.019100189208984,5.849999904632568,6.0,13265
2025-10-29 18:25:00+00:00,5.906000137329102,6.0320000648498535,5.900000095367432,5.900000095367432,5718
2025-10-29 18:30:00+00:00,5.900000095367432,5.955900192260742,5.880000114440918,5.900000095367432,5896
2025-10-29 18:35:00+00:00,5.869999885559082,5.90939998626709,5.804999828338623,5.900000095367432,11837
2025-10-29 18:40:00+00:00,5.940000057220459,6.054299831390381,5.889500141143799,5.889999866485596,2435
2025-10-29 18:45:00+00:00,6.150000095367432,6.199999809265137,5.918000221252441,5.918000221252441,7923
2025-10-29 18:50:00+00:00,6.150000095367432,6.150000095367432,6.074999809265137,6.074999809265137,7289
2025-10-29 18:55:00+00:00,6.003699779510498,6.084000110626221,6.0,6.074999809265137,1209
2025-10-29 19:00:00+00:00,6.074999809265137,6.074999809265137,6.045000076293945,6.045000076293945,3139
2025-10-29 19:05:00+00:00,6.130000114440918,6.150000095367432,6.123199939727783,6.124800205230713,3488
2025-10-29 19:10:00+00:00,6.204999923706055,6.2399001121521,6.164999961853027,6.164999961853027,1769
2025-10-29 19:15:00+00:00,6.110000133514404,6.239999771118164,6.110000133514404,6.204999923706055,10897
2025-10-29 19:20:00+00:00,6.100500106811523,6.110000133514404,6.100500106811523,6.100500106811523,722
2025-10-29 19:25:00+00:00,6.150000095367432,6.150000095367432,6.150000095367432,6.150000095367432,3101
2025-10-29 19:30:00+00:00,6.189899921417236,6.198400020599365,6.110000133514404,6.198400020599365,9537
2025-10-29 19:35:00+00:00,6.120999813079834,6.1722002029418945,6.119999885559082,6.119999885559082,5698
2025-10-29 19:40:00+00:00,6.070000171661377,6.119999885559082,6.0,6.119999885559082,4412
2025-10-29 19:45:00+00:00,6.125,6.125,6.050000190734863,6.050000190734863,3641
2025-10-29 19:50:00+00:00,6.074999809265137,6.099999904632568,6.059999942779541,6.090000152587891,1433
2025-10-29 19:55:00+00:00,6.119999885559082,6.170000076293945,6.090000152587891,6.119999885559082,14198
2025-10-30 13:30:00+00:00,6.599999904632568,6.739999771118164,6.090000152587891,6.090000152587891,23174
2025-10-30 13:35:00+00:00,6.945000171661377,7.019999980926514,6.705399990081787,6.75,13832
2025-10-30 13:40:00+00:00,7.0,7.199999809265137,6.866799831390381,6.940000057220459,11990
2025-10-30 13:45:00+00:00,6.900000095367432,7.099999904632568,6.599999904632568,7.0,11558
2025-10-30 13:50:00+00:00,7.12529993057251,7.129899978637695,6.932300090789795,7.090000152587891,1406
2025-10-30 13:55:00+00:00,6.940000057220459,7.139999866485596,6.940000057220459,7.119999885559082,1789
2025-10-30 14:00:00+00:00,7.050000190734863,7.050000190734863,6.978400230407715,6.978400230407715,755
2025-10-30 14:05:00+00:00,7.105000019073486,7.139999866485596,7.050000190734863,7.070000171661377,5751
2025-10-30 14:10:00+00:00,7.099999904632568,7.139999866485596,7.001699924468994,7.139999866485596,6656
2025-10-30 14:15:00+00:00,7.304500102996826,7.348899841308594,7.10830020904541,7.139999866485596,8081
2025-10-30 14:20:00+00:00,7.420000076293945,7.480000019073486,7.265999794006348,7.349899768829346,30984
2025-10-30 14:25:00+00:00,7.360000133514404,7.449999809265137,7.300000190734863,7.449999809265137,6891
2025-10-30 14:30:00+00:00,7.400000095367432,7.480000019073486,7.25,7.360000133514404,13580
2025-10-30 14:35:00+00:00,7.300000190734863,7.369999885559082,7.300000190734863,7.369999885559082,1269
2025-10-30 14:40:00+00:00,7.270999908447266,7.380000114440918,7.269999980926514,7.28000020980835,3104
2025-10-30 14:45:00+00:00,7.46999979019165,7.480000019073486,7.300000190734863,7.369900226593018,9500
2025-10-30 14:50:00+00:00,7.480000019073486,7.480000019073486,7.409999847412109,7.480000019073486,5092
2025-10-30 14:55:00+00:00,7.340000152587891,7.440000057220459,7.239999771118164,7.400100231170654,6205
2025-10-30 15:00:00+00:00,7.171999931335449,7.21999979019165,7.150199890136719,7.199999809265137,11470
2025-10-30 15:05:00+00:00,7.179999828338623,7.179999828338623,7.151800155639648,7.170000076293945,3080
2025-10-30 15:10:00+00:00,7.25,7.260000228881836,7.199999809265137,7.199999809265137,2448
2025-10-30 15:15:00+00:00,6.90500020980835,7.150000095367432,6.880300045013428,7.150000095367432,13730
2025-10-30 15:20:00+00:00,6.949999809265137,6.999000072479248,6.699999809265137,6.699999809265137,7001
2025-10-30 15:25:00+00:00,6.887899875640869,7.0,6.809999942779541,6.949699878692627,4295
2025-10-30 15:30:00+00:00,6.909999847412109,6.929999828338623,6.900000095367432,6.929999828338623,1051
2025-10-30 15:35:00+00:00,6.750100135803223,6.860000133514404,6.75,6.860000133514404,1988
2025-10-30 15:40:00+00:00,6.815000057220459,6.815000057220459,6.7519001960754395,6.7519001960754395,1621
2025-10-30 15:50:00+00:00,6.625999927520752,6.625999927520752,6.625999927520752,6.625999927520752,860
2025-10-30 15:55:00+00:00,6.749899864196777,6.749899864196777,6.6554999351501465,6.6554999351501465,1249
2025-10-30 16:00:00+00:00,6.699999809265137,6.75,6.631100177764893,6.75,2866
2025-10-30 16:05:00+00:00,6.71999979019165,6.71999979019165,6.599999904632568,6.695000171661377,1487
2025-10-30 16:15:00+00:00,6.753200054168701,6.753200054168701,6.753200054168701,6.753200054168701,145
2025-10-30 16:20:00+00:00,6.599999904632568,6.599999904632568,6.599999904632568,6.599999904632568,5068
2025-10-30 16:25:00+00:00,6.695000171661377,6.695000171661377,6.695000171661377,6.695000171661377,782
2025-10-30 16:45:00+00:00,6.53000020980835,6.53000020980835,6.53000020980835,6.53000020980835,176
2025-10-30 16:50:00+00:00,6.501699924468994,6.582300186157227,6.481400012969971,6.481400012969971,1138
2025-10-30 16:55:00+00:00,6.545000076293945,6.648099899291992,6.482800006866455,6.648099899291992,3730
2025-10-30 17:00:00+00:00,6.473199844360352,6.473199844360352,6.473199844360352,6.473199844360352,390
2025-10-30 17:05:00+00:00,6.489999771118164,6.489999771118164,6.46999979019165,6.4710001945495605,3235
2025-10-30 17:10:00+00:00,6.46999979019165,6.505000114440918,6.460000038146973,6.460100173950195,2862
2025-10-30 17:15:00+00:00,6.650000095367432,6.650000095367432,6.550000190734863,6.550000190734863,1617
2025-10-30 17:35:00+00:00,6.554999828338623,6.581999778747559,6.554999828338623,6.581999778747559,200
2025-10-30 17:40:00+00:00,6.554999828338623,6.554999828338623,6.554999828338623,6.554999828338623,210
2025-10-30 17:45:00+00:00,6.723700046539307,6.800000190734863,6.675000190734863,6.7870001792907715,939
2025-10-30 17:50:00+00:00,6.918399810791016,6.918399810791016,6.796800136566162,6.796800136566162,515
2025-10-30 17:55:00+00:00,6.920000076293945,6.920000076293945,6.751699924468994,6.751699924468994,800
2025-10-30 18:00:00+00:00,7.12939977645874,7.12939977645874,6.835000038146973,6.835000038146973,1575
2025-10-30 18:05:00+00:00,7.190000057220459,7.190000057220459,7.083600044250488,7.09499979019165,2829
2025-10-30 18:10:00+00:00,7.074999809265137,7.179999828338623,7.074999809265137,7.150000095367432,6105
2025-10-30 18:15:00+00:00,7.070000171661377,7.070000171661377,6.960000038146973,7.034999847412109,8756
2025-10-30 18:20:00+00:00,6.909999847412109,6.980000019073486,6.909999847412109,6.909999847412109,2359
2025-10-30 18:40:00+00:00,6.962699890136719,6.962699890136719,6.962699890136719,6.962699890136719,240
2025-10-30 18:45:00+00:00,7.059999942779541,7.059999942779541,6.690000057220459,6.760000228881836,1536
2025-10-30 19:05:00+00:00,6.75,6.900000095367432,6.659999847412109,6.880000114440918,4221
2025-10-30 19:10:00+00:00,6.849999904632568,6.849999904632568,6.75,6.760000228881836,2326
2025-10-30 19:15:00+00:00,6.699999809265137,6.820000171661377,6.699999809265137,6.800000190734863,3581
2025-10-30 19:20:00+00:00,6.684999942779541,6.684999942779541,6.680099964141846,6.680099964141846,500
2025-10-30 19:25:00+00:00,6.699999809265137,6.699999809265137,6.699999809265137,6.699999809265137,400
2025-10-30 19:30:00+00:00,6.829999923706055,6.860000133514404,6.699999809265137,6.789999961853027,3054
2025-10-30 19:35:00+00:00,6.710000038146973,6.789999961853027,6.710000038146973,6.78000020980835,6475
2025-10-30 19:40:00+00:00,6.925000190734863,6.925000190734863,6.925000190734863,6.925000190734863,223
2025-10-30 19:50:00+00:00,6.888199806213379,6.888199806213379,6.888199806213379,6.888199806213379,167
2025-10-31 13:30:00+00:00,6.815000057220459,6.815000057220459,6.769999980926514,6.769999980926514,3610
2025-10-31 13:35:00+00:00,6.670599937438965,6.84499979019165,6.590000152587891,6.710000038146973,3646
2025-10-31 13:40:00+00:00,5.8618998527526855,6.674499988555908,5.8618998527526855,6.670000076293945,7692
2025-10-31 13:45:00+00:00,6.146500110626221,6.239999771118164,5.831999778747559,5.840000152587891,4255
2025-10-31 13:50:00+00:00,6.230000019073486,6.230000019073486,6.077199935913086,6.077199935913086,1157
2025-10-31 13:55:00+00:00,6.377799987792969,6.39900016784668,6.139999866485596,6.139999866485596,3764
2025-10-31 14:10:00+00:00,6.159999847412109,6.159999847412109,6.159999847412109,6.159999847412109,111
2025-10-31 14:15:00+00:00,6.225200176239014,6.25,6.159999847412109,6.159999847412109,1828
2025-10-31 14:20:00+00:00,6.300000190734863,6.300000190734863,6.300000190734863,6.300000190734863,147
2025-10-31 14:30:00+00:00,6.170000076293945,6.170000076293945,6.142199993133545,6.142199993133545,1348
2025-10-31 14:35:00+00:00,6.429999828338623,6.429999828338623,6.420000076293945,6.420000076293945,738
2025-10-31 14:45:00+00:00,6.320000171661377,6.320000171661377,6.320000171661377,6.320000171661377,600
2025-10-31 14:50:00+00:00,6.316500186920166,6.316500186920166,6.200099945068359,6.200099945068359,0
2025-10-31 14:55:00+00:00,6.355999946594238,6.355999946594238,6.355999946594238,6.355999946594238,432
2025-10-31 15:05:00+00:00,6.199999809265137,6.308000087738037,6.199999809265137,6.269000053405762,1926
2025-10-31 15:10:00+00:00,6.320000171661377,6.320000171661377,6.320000171661377,6.320000171661377,3341
2025-10-31 15:15:00+00:00,6.25,6.320000171661377,6.25,6.320000171661377,3179
2025-10-31 15:20:00+00:00,6.090000152587891,6.210000038146973,6.010000228881836,6.210000038146973,5110
2025-10-31 15:25:00+00:00,6.25,6.25,6.15500020980835,6.170000076293945,3905
2025-10-31 15:50:00+00:00,6.304999828338623,6.329999923706055,6.299300193786621,6.304999828338623,1889
2025-10-31 15:55:00+00:00,6.159999847412109,6.349999904632568,6.159999847412109,6.349999904632568,24147
2025-10-31 16:00:00+00:00,6.099999904632568,6.170000076293945,6.099999904632568,6.159999847412109,0
2025-10-31 16:05:00+00:00,6.039999961853027,6.070000171661377,6.039999961853027,6.070000171661377,1798
2025-10-31 16:10:00+00:00,6.040299892425537,6.041999816894531,6.040299892425537,6.041999816894531,1988
2025-10-31 16:15:00+00:00,5.730000019073486,6.01200008392334,5.701099872589111,6.01200008392334,9288
2025-10-31 16:20:00+00:00,5.864999771118164,5.864999771118164,5.860000133514404,5.860000133514404,2934
2025-10-31 16:35:00+00:00,5.980000019073486,5.985000133514404,5.980000019073486,5.985000133514404,1065
2025-10-31 16:55:00+00:00,5.90500020980835,5.90500020980835,5.840000152587891,5.840000152587891,1400
2025-10-31 17:00:00+00:00,5.909999847412109,5.920000076293945,5.909999847412109,5.920000076293945,253
2025-10-31 17:05:00+00:00,5.840000152587891,5.840000152587891,5.840000152587891,5.840000152587891,42
2025-10-31 17:10:00+00:00,5.889900207519531,5.889900207519531,5.889900207519531,5.889900207519531,602
2025-10-31 17:25:00+00:00,5.800000190734863,5.84499979019165,5.800000190734863,5.84499979019165,800
2025-10-31 17:30:00+00:00,5.771900177001953,5.889999866485596,5.630000114440918,5.889999866485596,1838
2025-10-31 18:00:00+00:00,5.769999980926514,5.769999980926514,5.769999980926514,5.769999980926514,341
2025-10-31 18:15:00+00:00,5.739999771118164,5.760000228881836,5.739999771118164,5.760000228881836,612
2025-10-31 18:50:00+00:00,5.590000152587891,5.625999927520752,5.590000152587891,5.619999885559082,2865
2025-10-31 19:00:00+00:00,5.510000228881836,5.510000228881836,5.440000057220459,5.460000038146973,1055
2025-10-31 19:05:00+00:00,5.639999866485596,5.639999866485596,5.639999866485596,5.639999866485596,700
2025-10-31 19:10:00+00:00,5.465199947357178,5.465199947357178,5.465199947357178,5.465199947357178,1070
2025-10-31 19:15:00+00:00,5.46999979019165,5.46999979019165,5.46999979019165,5.46999979019165,438
2025-10-31 19:40:00+00:00,5.494999885559082,5.53249979019165,5.46999979019165,5.510000228881836,4917
2025-10-31 19:45:00+00:00,5.389999866485596,5.465000152587891,5.389999866485596,5.465000152587891,2155
2025-10-31 19:50:00+00:00,5.422500133514404,5.449999809265137,5.360000133514404,5.400000095367432,4296
2025-10-31 19:55:00+00:00,5.25,5.389999866485596,5.25,5.389999866485596,824
2025-11-03 14:30:00+00:00,5.340000152587891,5.340000152587891,5.340000152587891,5.340000152587891,4428
2025-11-03 14:35:00+00:00,5.662499904632568,5.75,5.510000228881836,5.510000228881836,2344
2025-11-03 14:40:00+00:00,5.605000019073486,5.605000019073486,5.550000190734863,5.550000190734863,1696
2025-11-03 14:45:00+00:00,5.510000228881836,5.5100998878479,5.510000228881836,5.5100998878479,2084
2025-11-03 14:50:00+00:00,5.664999961853027,5.664999961853027,5.664999961853027,5.664999961853027,2164
2025-11-03 14:55:00+00:00,5.506700038909912,5.506700038909912,5.506700038909912,5.506700038909912,146
2025-11-03 15:00:00+00:00,5.599999904632568,5.619999885559082,5.599999904632568,5.619999885559082,326
2025-11-03 15:05:00+00:00,5.510000228881836,5.510000228881836,5.510000228881836,5.510000228881836,100
2025-11-03 15:10:00+00:00,5.610000133514404,5.610000133514404,5.510000228881836,5.510000228881836,821
2025-11-03 15:15:00+00:00,5.510000228881836,5.619999885559082,5.510000228881836,5.619999885559082,915
2025-11-03 15:20:00+00:00,5.304999828338623,5.320000171661377,5.25,5.300099849700928,2467
2025-11-03 15:25:00+00:00,5.420000076293945,5.420000076293945,5.255000114440918,5.269999980926514,3230
2025-11-03 15:30:00+00:00,5.28000020980835,5.340000152587891,5.28000020980835,5.340000152587891,765
2025-11-03 15:35:00+00:00,5.309999942779541,5.309999942779541,5.309999942779541,5.309999942779541,351
2025-11-03 15:40:00+00:00,5.03000020980835,5.269999980926514,5.010000228881836,5.269999980926514,2620
2025-11-03 15:45:00+00:00,5.219900131225586,5.219900131225586,5.110000133514404,5.110000133514404,1051
2025-11-03 15:50:00+00:00,5.179999828338623,5.300000190734863,5.164999961853027,5.164999961853027,5165
2025-11-03 16:00:00+00:00,5.019999980926514,5.019999980926514,5.019999980926514,5.019999980926514,167
2025-11-03 16:05:00+00:00,5.010000228881836,5.039999961853027,5.010000228881836,5.039999961853027,2824
2025-11-03 16:10:00+00:00,5.019000053405762,5.019999980926514,5.019000053405762,5.019999980926514,1023
2025-11-03 16:15:00+00:00,5.197000026702881,5.197000026702881,4.800000190734863,5.0,11855
2025-11-03 16:20:00+00:00,5.070000171661377,5.2179999351501465,5.010000228881836,5.079999923706055,3159
2025-11-03 16:25:00+00:00,5.0,5.059999942779541,4.965000152587891,5.03000020980835,2424
2025-11-03 16:30:00+00:00,5.0229997634887695,5.0229997634887695,4.949999809265137,4.949999809265137,1954
2025-11-03 16:50:00+00:00,5.0,5.045000076293945,5.0,5.045000076293945,202
2025-11-03 16:55:00+00:00,5.1066999435424805,5.1066999435424805,5.0,5.000999927520752,1597
2025-11-03 17:00:00+00:00,5.059999942779541,5.059999942779541,5.059999942779541,5.059999942779541,394
2025-11-03 17:10:00+00:00,5.090000152587891,5.100200176239014,5.090000152587891,5.100200176239014,1521
2025-11-03 17:15:00+00:00,5.264999866485596,5.264999866485596,5.0,5.025000095367432,4040
2025-11-03 17:20:00+00:00,5.170000076293945,5.170000076293945,5.170000076293945,5.170000076293945,300
2025-11-03 17:25:00+00:00,5.139999866485596,5.300000190734863,5.139999866485596,5.150000095367432,5567
2025-11-03 17:30:00+00:00,5.170000076293945,5.170000076293945,5.170000076293945,5.170000076293945,487
2025-11-03 17:40:00+00:00,5.050000190734863,5.059999942779541,5.050000190734863,5.059999942779541,601
2025-11-03 17:45:00+00:00,5.110000133514404,5.110000133514404,5.099999904632568,5.099999904632568,754
2025-11-03 17:55:00+00:00,5.119999885559082,5.119999885559082,5.119999885559082,5.119999885559082,717
2025-11-03 19:05:00+00:00,5.099999904632568,5.099999904632568,5.099999904632568,5.099999904632568,105
2025-11-03 19:15:00+00:00,5.099999904632568,5.099999904632568,5.099999904632568,5.099999904632568,1250
2025-11-03 19:20:00+00:00,5.074999809265137,5.074999809265137,5.074999809265137,5.074999809265137,157
2025-11-03 20:05:00+00:00,5.09499979019165,5.09499979019165,5.09499979019165,5.09499979019165,100
2025-11-03 20:10:00+00:00,5.065000057220459,5.065000057220459,5.039999961853027,5.050000190734863,906
2025-11-03 20:25:00+00:00,5.039999961853027,5.074999809265137,5.039999961853027,5.074999809265137,304
2025-11-03 20:30:00+00:00,4.989999771118164,5.0,4.989999771118164,5.0,1153
2025-11-03 20:40:00+00:00,5.03000020980835,5.03000020980835,4.949999809265137,4.96999979019165,4716
2025-11-03 20:45:00+00:00,5.090000152587891,5.179999828338623,5.039999961853027,5.179999828338623,2029
2025-11-03 20:50:00+00:00,5.050000190734863,5.050000190734863,5.03000020980835,5.039999961853027,1936
2025-11-03 20:55:00+00:00,5.010000228881836,5.010000228881836,5.010000228881836,5.010000228881836,318
2025-11-04 14:30:00+00:00,4.890100002288818,5.159999847412109,4.730000019073486,4.739999771118164,10058
2025-11-04 14:35:00+00:00,4.914999961853027,4.914999961853027,4.914999961853027,4.914999961853027,1021
2025-11-04 14:45:00+00:00,4.820000171661377,4.829999923706055,4.750100135803223,4.750100135803223,530
2025-11-04 14:50:00+00:00,4.710000038146973,4.778800010681152,4.710000038146973,4.769999980926514,5240
2025-11-04 14:55:00+00:00,4.843500137329102,4.843500137329102,4.650000095367432,4.755000114440918,4714
2025-11-04 15:05:00+00:00,4.800000190734863,4.840000152587891,4.800000190734863,4.840000152587891,417
2025-11-04 15:10:00+00:00,4.832600116729736,4.832600116729736,4.832600116729736,4.832600116729736,73
2025-11-04 15:20:00+00:00,4.780099868774414,4.780099868774414,4.780099868774414,4.780099868774414,600
2025-11-04 15:25:00+00:00,4.800000190734863,4.800000190734863,4.800000190734863,4.800000190734863,167
2025-11-04 15:30:00+00:00,4.800000190734863,4.800000190734863,4.800000190734863,4.800000190734863,387
2025-11-04 15:55:00+00:00,4.800000190734863,4.800000190734863,4.800000190734863,4.800000190734863,1335
2025-11-04 16:15:00+00:00,4.75,4.75,4.75,4.75,2000
2025-11-04 16:20:00+00:00,4.835000038146973,4.835000038146973,4.835000038146973,4.835000038146973,0
2025-11-04 16:30:00+00:00,4.789999961853027,4.789999961853027,4.789999961853027,4.789999961853027,383
2025-11-04 16:50:00+00:00,4.775000095367432,4.775000095367432,4.775000095367432,4.775000095367432,357
2025-11-04 17:00:00+00:00,4.75,4.75,4.75,4.75,477
2025-11-04 17:05:00+00:00,4.6504998207092285,4.697400093078613,4.644999980926514,4.650000095367432,2443
2025-11-04 17:25:00+00:00,4.599999904632568,4.599999904632568,4.599999904632568,4.599999904632568,325
2025-11-04 17:35:00+00:00,4.5005998611450195,4.550000190734863,4.5005998611450195,4.550000190734863,895
2025-11-04 17:40:00+00:00,4.539999961853027,4.539999961853027,4.539999961853027,4.539999961853027,223
2025-11-04 17:50:00+00:00,4.579999923706055,4.579999923706055,4.579999923706055,4.579999923706055,1293
2025-11-04 18:00:00+00:00,4.650000095367432,4.650000095367432,4.650000095367432,4.650000095367432,1048
2025-11-04 18:05:00+00:00,4.809999942779541,4.809999942779541,4.809999942779541,4.809999942779541,1020
2025-11-04 18:15:00+00:00,4.860000133514404,4.920000076293945,4.860000133514404,4.920000076293945,600
2025-11-04 18:20:00+00:00,4.75,4.75,4.75,4.75,583
2025-11-04 18:25:00+00:00,4.75,4.750100135803223,4.75,4.750100135803223,1101
2025-11-04 19:55:00+00:00,4.909200191497803,4.909200191497803,4.909200191497803,4.909200191497803,182
2025-11-04 20:05:00+00:00,4.900000095367432,4.900000095367432,4.900000095367432,4.900000095367432,650
2025-11-04 20:10:00+00:00,4.802000045776367,4.802000045776367,4.802000045776367,4.802000045776367,371
2025-11-04 20:25:00+00:00,4.840000152587891,4.859000205993652,4.840000152587891,4.840000152587891,996
2025-11-04 20:40:00+00:00,4.840000152587891,4.840000152587891,4.840000152587891,4.840000152587891,20020
2025-11-04 20:45:00+00:00,4.7600998878479,4.7600998878479,4.7600998878479,4.7600998878479,0
2025-11-05 14:30:00+00:00,4.989999771118164,4.989999771118164,4.989999771118164,4.989999771118164,1158
2025-11-05 14:55:00+00:00,4.885499954223633,4.885499954223633,4.885499954223633,4.885499954223633,400
2025-11-05 15:00:00+00:00,4.964799880981445,4.964799880981445,4.9359002113342285,4.9359002113342285,400
2025-11-05 15:05:00+00:00,4.980000019073486,4.989999771118164,4.954999923706055,4.954999923706055,1664
2025-11-05 15:15:00+00:00,4.900000095367432,4.900000095367432,4.806399822235107,4.806399822235107,614
2025-11-05 15:40:00+00:00,4.901000022888184,4.960000038146973,4.901000022888184,4.934999942779541,3330
2025-11-05 16:30:00+00:00,4.889999866485596,4.889999866485596,4.889999866485596,4.889999866485596,140
2025-11-05 17:00:00+00:00,4.849999904632568,4.889999866485596,4.849999904632568,4.889999866485596,1274
2025-11-05 17:40:00+00:00,4.949900150299072,4.949900150299072,4.949900150299072,4.949900150299072,165
2025-11-05 17:55:00+00:00,4.822299957275391,4.822299957275391,4.822299957275391,4.822299957275391,125
2025-11-05 18:10:00+00:00,4.809999942779541,4.861299991607666,4.809999942779541,4.820000171661377,6453
2025-11-05 18:15:00+00:00,4.739099979400635,4.809999942779541,4.739099979400635,4.809999942779541,0
2025-11-05 18:25:00+00:00,4.690499782562256,4.690499782562256,4.690499782562256,4.690499782562256,1596
2025-11-05 18:35:00+00:00,4.700500011444092,4.730000019073486,4.650000095367432,4.699999809265137,7257
2025-11-05 18:40:00+00:00,4.550000190734863,4.710000038146973,4.550000190734863,4.710000038146973,8724
2025-11-05 18:50:00+00:00,4.639999866485596,4.650000095367432,4.619999885559082,4.650000095367432,3266
2025-11-05 19:30:00+00:00,4.619999885559082,4.619999885559082,4.619999885559082,4.619999885559082,6303
2025-11-05 20:10:00+00:00,4.599999904632568,4.650000095367432,4.599999904632568,4.639999866485596,3051
2025-11-05 20:15:00+00:00,4.579999923706055,4.579999923706055,4.579999923706055,4.579999923706055,204
2025-11-05 20:20:00+00:00,4.474999904632568,4.519999980926514,4.409999847412109,4.514999866485596,2822
2025-11-05 20:25:00+00:00,4.5,4.510000228881836,4.369999885559082,4.369999885559082,1378
2025-11-05 20:50:00+00:00,4.750500202178955,4.750500202178955,4.375,4.400000095367432,33979
2025-11-05 20:55:00+00:00,4.689899921417236,4.699999809265137,4.679999828338623,4.699999809265137,1582
2025-11-06 14:30:00+00:00,4.550000190734863,4.550000190734863,4.539999961853027,4.539999961853027,1402
2025-11-06 15:00:00+00:00,4.260000228881836,4.260000228881836,4.260000228881836,4.260000228881836,1219
2025-11-06 15:05:00+00:00,4.25,4.25,4.25,4.25,1068
2025-11-06 15:15:00+00:00,4.406899929046631,4.406899929046631,4.406899929046631,4.406899929046631,100
2025-11-06 15:20:00+00:00,4.37939977645874,4.37939977645874,4.37939977645874,4.37939977645874,572
2025-11-06 16:50:00+00:00,4.401000022888184,4.401000022888184,4.401000022888184,4.401000022888184,570
2025-11-06 17:20:00+00:00,4.400000095367432,4.400000095367432,4.400000095367432,4.400000095367432,1227
2025-11-06 17:40:00+00:00,4.349999904632568,4.400000095367432,4.349999904632568,4.400000095367432,326
2025-11-06 18:05:00+00:00,4.400000095367432,4.400000095367432,4.400000095367432,4.400000095367432,876
2025-11-06 18:40:00+00:00,4.309999942779541,4.369999885559082,4.309999942779541,4.369999885559082,672
2025-11-06 18:50:00+00:00,4.269999980926514,4.269999980926514,4.269999980926514,4.269999980926514,200
2025-11-06 18:55:00+00:00,4.396500110626221,4.396500110626221,4.396500110626221,4.396500110626221,300
2025-11-06 19:10:00+00:00,4.28000020980835,4.349999904632568,4.269999980926514,4.349999904632568,1064
2025-11-06 19:15:00+00:00,4.334400177001953,4.334400177001953,4.300000190734863,4.300000190734863,342
2025-11-06 19:45:00+00:00,4.364999771118164,4.364999771118164,4.260000228881836,4.2600998878479,2047
2025-11-06 20:55:00+00:00,4.179999828338623,4.28000020980835,4.179999828338623,4.28000020980835,620
2025-11-07 14:30:00+00:00,4.46999979019165,4.46999979019165,4.46999979019165,4.46999979019165,593039
2025-11-07 14:35:00+00:00,4.451399803161621,4.451399803161621,4.451000213623047,4.451000213623047,785
2025-11-07 15:00:00+00:00,4.64900016784668,4.64900016784668,4.5,4.525000095367432,621
2025-11-07 15:05:00+00:00,4.840000152587891,4.840000152587891,4.675000190734863,4.675000190734863,3936
2025-11-07 15:10:00+00:00,4.9664998054504395,5.164999961853027,4.800000190734863,4.800000190734863,6023
2025-11-07 15:15:00+00:00,4.800000190734863,5.255000114440918,4.800000190734863,5.199999809265137,6946
2025-11-07 15:20:00+00:00,5.054999828338623,5.054999828338623,5.054999828338623,5.054999828338623,624
2025-11-07 15:30:00+00:00,5.0,5.0,4.951200008392334,4.974999904632568,811
2025-11-07 15:35:00+00:00,5.119999885559082,5.119999885559082,5.000500202178955,5.000500202178955,705
2025-11-07 15:40:00+00:00,5.162499904632568,5.177800178527832,5.162499904632568,5.177800178527832,712
2025-11-07 15:45:00+00:00,5.260000228881836,5.298799991607666,5.199999809265137,5.199999809265137,1742
2025-11-07 15:50:00+00:00,5.159999847412109,5.271100044250488,5.050000190734863,5.269899845123291,1816
2025-11-07 15:55:00+00:00,5.072000026702881,5.159999847412109,5.072000026702881,5.159999847412109,351
2025-11-07 16:05:00+00:00,5.184999942779541,5.199999809265137,5.184999942779541,5.199999809265137,790
2025-11-07 16:15:00+00:00,5.179999828338623,5.179999828338623,5.122200012207031,5.122200012207031,511
2025-11-07 16:20:00+00:00,5.230000019073486,5.239999771118164,5.230000019073486,5.239999771118164,790
2025-11-07 16:25:00+00:00,5.179999828338623,5.179999828338623,5.179999828338623,5.179999828338623,576
2025-11-07 16:30:00+00:00,5.190000057220459,5.190000057220459,5.190000057220459,5.190000057220459,374
2025-11-07 16:45:00+00:00,5.195000171661377,5.195000171661377,5.195000171661377,5.195000171661377,208
2025-11-07 16:50:00+00:00,5.163700103759766,5.163700103759766,5.163700103759766,5.163700103759766,143
2025-11-07 17:00:00+00:00,5.175000190734863,5.175000190734863,5.175000190734863,5.175000190734863,166
2025-11-07 17:15:00+00:00,5.199999809265137,5.199999809265137,5.199999809265137,5.199999809265137,231
2025-11-07 17:45:00+00:00,5.200099945068359,5.200099945068359,5.200099945068359,5.200099945068359,410
2025-11-07 18:30:00+00:00,5.179999828338623,5.179999828338623,5.179999828338623,5.179999828338623,228
2025-11-07 18:35:00+00:00,5.166500091552734,5.199999809265137,5.166500091552734,5.199999809265137,442
2025-11-07 18:55:00+00:00,5.300000190734863,5.670000076293945,5.179999828338623,5.179999828338623,14991
2025-11-07 19:00:00+00:00,5.239999771118164,5.53000020980835,5.170000076293945,5.485000133514404,12360
2025-11-07 19:10:00+00:00,5.309999942779541,5.399899959564209,5.309999942779541,5.399899959564209,305
2025-11-07 19:15:00+00:00,5.296500205993652,5.296500205993652,5.296500205993652,5.296500205993652,300
2025-11-07 19:20:00+00:00,5.241499900817871,5.241499900817871,5.179999828338623,5.239999771118164,494
2025-11-07 19:25:00+00:00,5.0,5.179999828338623,4.932000160217285,5.179999828338623,18080
2025-11-07 19:30:00+00:00,4.940000057220459,4.940000057220459,4.940000057220459,4.940000057220459,0
2025-11-07 19:55:00+00:00,5.090000152587891,5.090000152587891,5.090000152587891,5.090000152587891,600
2025-11-07 20:00:00+00:00,5.090000152587891,5.090000152587891,5.090000152587891,5.090000152587891,0
2025-11-07 20:10:00+00:00,5.040900230407715,5.040900230407715,4.989999771118164,4.989999771118164,888
2025-11-07 20:50:00+00:00,4.998000144958496,4.998000144958496,4.998000144958496,4.998000144958496,150
2025-11-07 20:55:00+00:00,5.013800144195557,5.013800144195557,5.013800144195557,5.013800144195557,511
2025-11-10 14:30:00+00:00,5.039999961853027,5.039999961853027,5.039999961853027,5.039999961853027,3251
2025-11-10 14:40:00+00:00,4.932000160217285,4.944699764251709,4.912199974060059,4.944699764251709,2397
2025-11-10 14:45:00+00:00,4.929999828338623,4.929999828338623,4.929999828338623,4.929999828338623,0
2025-11-10 15:00:00+00:00,4.977099895477295,4.977099895477295,4.977099895477295,4.977099895477295,1301
2025-11-10 15:05:00+00:00,5.099400043487549,5.099400043487549,5.099400043487549,5.099400043487549,600
2025-11-10 15:10:00+00:00,5.130000114440918,5.130000114440918,5.065000057220459,5.130000114440918,1608
2025-11-10 15:15:00+00:00,5.128399848937988,5.128399848937988,5.128399848937988,5.128399848937988,0
2025-11-10 15:20:00+00:00,5.03000020980835,5.129899978637695,5.03000020980835,5.119999885559082,2172
2025-11-10 15:25:00+00:00,5.03000020980835,5.03000020980835,5.03000020980835,5.03000020980835,1001
2025-11-10 15:40:00+00:00,5.0,5.010000228881836,5.0,5.010000228881836,206
2025-11-10 15:45:00+00:00,4.950099945068359,4.950099945068359,4.950099945068359,4.950099945068359,309
2025-11-10 15:50:00+00:00,5.025000095367432,5.025000095367432,5.025000095367432,5.025000095367432,200
2025-11-10 15:55:00+00:00,5.03249979019165,5.03249979019165,5.03249979019165,5.03249979019165,1030
2025-11-10 16:05:00+00:00,4.950300216674805,4.950300216674805,4.950300216674805,4.950300216674805,351
2025-11-10 16:30:00+00:00,4.849999904632568,4.960000038146973,4.849999904632568,4.960000038146973,1955
2025-11-10 17:00:00+00:00,4.75,4.75,4.739999771118164,4.75,451
2025-11-10 17:15:00+00:00,4.75,4.75,4.75,4.75,263
2025-11-10 17:20:00+00:00,4.75,4.78000020980835,4.75,4.78000020980835,1913
2025-11-10 17:45:00+00:00,4.900000095367432,4.900000095367432,4.869999885559082,4.869999885559082,664
2025-11-10 17:50:00+00:00,4.889999866485596,4.889999866485596,4.889999866485596,4.889999866485596,1600
2025-11-10 17:55:00+00:00,4.835000038146973,4.835000038146973,4.835000038146973,4.835000038146973,300
2025-11-10 18:45:00+00:00,4.829999923706055,4.829999923706055,4.829999923706055,4.829999923706055,1110
2025-11-10 19:45:00+00:00,4.75,4.75,4.744999885559082,4.744999885559082,603
2025-11-10 20:00:00+00:00,4.690000057220459,4.690000057220459,4.690000057220459,4.690000057220459,597
2025-11-10 20:25:00+00:00,4.679999828338623,4.679999828338623,4.679999828338623,4.679999828338623,518
2025-11-10 20:35:00+00:00,4.710000038146973,4.710000038146973,4.710000038146973,4.710000038146973,0
2025-11-10 20:45:00+00:00,4.599999904632568,4.670000076293945,4.599999904632568,4.670000076293945,3482
2025-11-10 20:50:00+00:00,4.599999904632568,4.599999904632568,4.599999904632568,4.599999904632568,2
2025-11-11 14:40:00+00:00,4.820000171661377,4.820000171661377,4.684999942779541,4.684999942779541,3652
2025-11-11 14:50:00+00:00,4.710000038146973,4.710000038146973,4.710000038146973,4.710000038146973,455
2025-11-11 16:05:00+00:00,4.664999961853027,4.664999961853027,4.664999961853027,4.664999961853027,118
2025-11-11 16:30:00+00:00,4.721499919891357,4.721499919891357,4.721499919891357,4.721499919891357,543
2025-11-11 17:20:00+00:00,4.654399871826172,4.654399871826172,4.654399871826172,4.654399871826172,253
2025-11-11 17:55:00+00:00,4.75,4.75,4.710000038146973,4.710000038146973,1010
2025-11-11 18:10:00+00:00,4.690000057220459,4.730000019073486,4.659999847412109,4.730000019073486,1925
2025-11-11 18:20:00+00:00,4.675000190734863,4.690000057220459,4.675000190734863,4.690000057220459,200
2025-11-11 18:30:00+00:00,4.699999809265137,4.699999809265137,4.699999809265137,4.699999809265137,315
2025-11-11 19:20:00+00:00,4.75,4.75,4.75,4.75,602
2025-11-11 19:25:00+00:00,4.699999809265137,4.75,4.699999809265137,4.739999771118164,10400
2025-11-11 20:20:00+00:00,4.699999809265137,4.699999809265137,4.699999809265137,4.699999809265137,1209
2025-11-11 20:55:00+00:00,4.789999961853027,4.820000171661377,4.764999866485596,4.78000020980835,2909
2025-11-12 14:35:00+00:00,4.949900150299072,4.949999809265137,4.730000019073486,4.730000019073486,7138
2025-11-12 14:40:00+00:00,4.924499988555908,4.929900169372559,4.869999885559082,4.869999885559082,1250
2025-11-12 14:45:00+00:00,5.03000020980835,5.050000190734863,4.860000133514404,4.860000133514404,7391
2025-11-12 14:55:00+00:00,4.949999809265137,4.949999809265137,4.949999809265137,4.949999809265137,0
2025-11-12 15:05:00+00:00,4.900000095367432,4.900000095367432,4.900000095367432,4.900000095367432,101
2025-11-12 15:30:00+00:00,4.900000095367432,4.900000095367432,4.900000095367432,4.900000095367432,316
2025-11-12 15:40:00+00:00,4.980000019073486,4.980000019073486,4.980000019073486,4.980000019073486,2586
2025-11-12 15:45:00+00:00,4.849999904632568,4.849999904632568,4.849999904632568,4.849999904632568,0
2025-11-12 16:05:00+00:00,4.800000190734863,4.800000190734863,4.800000190734863,4.800000190734863,329
2025-11-12 16:35:00+00:00,4.800000190734863,4.800000190734863,4.800000190734863,4.800000190734863,302
2025-11-12 17:15:00+00:00,4.879899978637695,4.879899978637695,4.879899978637695,4.879899978637695,533
2025-11-12 17:20:00+00:00,4.670100212097168,4.670100212097168,4.670100212097168,4.670100212097168,2000
2025-11-12 17:25:00+00:00,4.879899978637695,4.879899978637695,4.879899978637695,4.879899978637695,0
2025-11-12 17:45:00+00:00,4.789999961853027,4.789999961853027,4.789999961853027,4.789999961853027,1426
2025-11-12 18:10:00+00:00,4.789999961853027,4.809999942779541,4.789999961853027,4.809999942779541,1332
2025-11-12 18:30:00+00:00,4.800000190734863,4.800000190734863,4.800000190734863,4.800000190734863,1000
2025-11-12 18:40:00+00:00,4.760000228881836,4.78000020980835,4.760000228881836,4.78000020980835,1781
2025-11-12 19:40:00+00:00,4.744999885559082,4.75,4.744999885559082,4.747499942779541,400
2025-11-12 19:55:00+00:00,4.710000038146973,4.710000038146973,4.710000038146973,4.710000038146973,200
2025-11-12 20:00:00+00:00,4.710000038146973,4.724999904632568,4.710000038146973,4.724999904632568,188
2025-11-12 20:20:00+00:00,4.730000019073486,4.749899864196777,4.710000038146973,4.710000038146973,733
2025-11-12 20:25:00+00:00,4.739999771118164,4.739999771118164,4.710000038146973,4.710000038146973,3133
2025-11-12 20:40:00+00:00,4.710000038146973,4.710000038146973,4.710000038146973,4.710000038146973,593
2025-11-12 20:55:00+00:00,4.764999866485596,4.783599853515625,4.764999866485596,4.783599853515625,295
2025-11-13 14:30:00+00:00,4.628200054168701,4.639999866485596,4.628200054168701,4.639999866485596,650
2025-11-13 15:35:00+00:00,4.599999904632568,4.599999904632568,4.599999904632568,4.599999904632568,330
2025-11-13 15:40:00+00:00,4.599999904632568,4.599999904632568,4.599999904632568,4.599999904632568,614
2025-11-13 15:45:00+00:00,4.599999904632568,4.599999904632568,4.599999904632568,4.599999904632568,664
2025-11-13 15:50:00+00:00,4.590000152587891,4.590000152587891,4.590000152587891,4.590000152587891,930
2025-11-13 16:45:00+00:00,4.599999904632568,4.599999904632568,4.599999904632568,4.599999904632568,176
2025-11-13 17:45:00+00:00,4.599999904632568,4.599999904632568,4.599999904632568,4.599999904632568,558
2025-11-13 18:25:00+00:00,4.634500026702881,4.634500026702881,4.634500026702881,4.634500026702881,214
2025-11-13 20:00:00+00:00,4.550000190734863,4.610000133514404,4.510000228881836,4.610000133514404,7423
2025-11-13 20:05:00+00:00,4.545000076293945,4.545000076293945,4.545000076293945,4.545000076293945,0
2025-11-13 20:50:00+00:00,4.550000190734863,4.550000190734863,4.550000190734863,4.550000190734863,269
2025-11-14 14:30:00+00:00,4.679999828338623,4.769999980926514,4.640100002288818,4.769999980926514,402588
2025-11-14 14:35:00+00:00,4.699999809265137,4.699999809265137,4.699999809265137,4.699999809265137,488
2025-11-14 14:40:00+00:00,4.75,4.771999835968018,4.650000095367432,4.650000095367432,1722
2025-11-14 14:45:00+00:00,4.75,4.769999980926514,4.75,4.769999980926514,805
2025-11-14 14:50:00+00:00,4.710000038146973,4.710000038146973,4.659999847412109,4.710000038146973,1368
2025-11-14 15:00:00+00:00,4.671599864959717,4.710000038146973,4.6504998207092285,4.666800022125244,1003
2025-11-14 15:10:00+00:00,4.635000228881836,4.635000228881836,4.510000228881836,4.519999980926514,1962
2025-11-14 16:05:00+00:00,4.599999904632568,4.599999904632568,4.599999904632568,4.599999904632568,1783
2025-11-14 16:10:00+00:00,4.635000228881836,4.635000228881836,4.635000228881836,4.635000228881836,488
2025-11-14 16:15:00+00:00,4.639999866485596,4.639999866485596,4.599999904632568,4.599999904632568,531
2025-11-14 16:25:00+00:00,4.630000114440918,4.630000114440918,4.630000114440918,4.630000114440918,1262
2025-11-14 17:40:00+00:00,4.630000114440918,4.659900188446045,4.630000114440918,4.630000114440918,2240
2025-11-14 18:25:00+00:00,4.659999847412109,4.659999847412109,4.659999847412109,4.659999847412109,285411
2025-11-14 18:30:00+00:00,4.630000114440918,4.659999847412109,4.630000114440918,4.659999847412109,0
2025-11-14 18:55:00+00:00,4.710000038146973,4.710000038146973,4.630000114440918,4.659999847412109,1978
2025-11-14 19:00:00+00:00,4.659999847412109,4.75,4.659999847412109,4.75,0
2025-11-14 19:25:00+00:00,4.6504998207092285,4.6504998207092285,4.6504998207092285,4.6504998207092285,301
2025-11-14 19:30:00+00:00,4.590000152587891,4.590000152587891,4.590000152587891,4.590000152587891,200
2025-11-14 19:35:00+00:00,4.6504998207092285,4.6504998207092285,4.6504998207092285,4.6504998207092285,203
2025-11-14 20:45:00+00:00,4.650000095367432,4.699999809265137,4.650000095367432,4.699999809265137,1898
2025-11-14 20:55:00+00:00,4.650000095367432,4.650000095367432,4.639999866485596,4.639999866485596,1028
2025-11-17 14:35:00+00:00,4.829999923706055,4.829999923706055,4.829999923706055,4.829999923706055,522
2025-11-17 14:45:00+00:00,4.78000020980835,4.78000020980835,4.78000020980835,4.78000020980835,164
2025-11-17 15:00:00+00:00,4.682000160217285,4.682000160217285,4.682000160217285,4.682000160217285,560
2025-11-17 15:55:00+00:00,4.659999847412109,4.659999847412109,4.659999847412109,4.659999847412109,845
2025-11-17 16:45:00+00:00,4.679999828338623,4.679999828338623,4.679999828338623,4.679999828338623,225
2025-11-17 18:25:00+00:00,4.650000095367432,4.650000095367432,4.650000095367432,4.650000095367432,206
2025-11-17 19:25:00+00:00,4.615699768066406,4.615699768066406,4.590000152587891,4.610000133514404,4187
2025-11-17 19:30:00+00:00,4.630000114440918,4.630000114440918,4.630000114440918,4.630000114440918,226
2025-11-17 19:50:00+00:00,4.579999923706055,4.579999923706055,4.559999942779541,4.559999942779541,490
2025-11-17 20:10:00+00:00,4.590000152587891,4.590000152587891,4.590000152587891,4.590000152587891,210
2025-11-17 20:20:00+00:00,4.590000152587891,4.590000152587891,4.51200008392334,4.51200008392334,1100
2025-11-17 20:35:00+00:00,4.590000152587891,4.590000152587891,4.520100116729736,4.520100116729736,1200
2025-11-17 20:50:00+00:00,4.590000152587891,4.590000152587891,4.554999828338623,4.590000152587891,622
2025-11-18 14:55:00+00:00,4.550000190734863,4.550000190734863,4.550000190734863,4.550000190734863,817
2025-11-18 15:00:00+00:00,4.550000190734863,4.550000190734863,4.550000190734863,4.550000190734863,1467
2025-11-18 15:15:00+00:00,4.610000133514404,4.639999866485596,4.559999942779541,4.559999942779541,4364
2025-11-18 15:20:00+00:00,4.630000114440918,4.630000114440918,4.619999885559082,4.619999885559082,807
2025-11-18 16:35:00+00:00,4.650199890136719,4.65500020980835,4.650199890136719,4.65500020980835,401
2025-11-18 16:45:00+00:00,4.620100021362305,4.620100021362305,4.620100021362305,4.620100021362305,634
2025-11-18 16:50:00+00:00,4.633500099182129,4.633500099182129,4.633500099182129,4.633500099182129,587
2025-11-18 19:00:00+00:00,4.650000095367432,4.650000095367432,4.650000095367432,4.650000095367432,1290
2025-11-18 19:55:00+00:00,4.659999847412109,4.659999847412109,4.659999847412109,4.659999847412109,495
2025-11-18 20:00:00+00:00,4.724999904632568,4.789999961853027,4.679999828338623,4.679999828338623,1017
2025-11-18 20:05:00+00:00,4.659999847412109,4.659999847412109,4.659999847412109,4.659999847412109,208
2025-11-18 20:35:00+00:00,4.75,4.75,4.75,4.75,301
2025-11-18 20:40:00+00:00,4.769999980926514,4.769999980926514,4.769999980926514,4.769999980926514,202
2025-11-18 20:50:00+00:00,4.840000152587891,4.849999904632568,4.75,4.75,6910
2025-11-18 20:55:00+00:00,4.840000152587891,4.849999904632568,4.760000228881836,4.78000020980835,2937
2025-11-19 14:55:00+00:00,4.789999961853027,4.789999961853027,4.789999961853027,4.789999961853027,994
2025-11-19 15:15:00+00:00,4.684999942779541,4.684999942779541,4.684999942779541,4.684999942779541,100
2025-11-19 15:20:00+00:00,4.78000020980835,4.78000020980835,4.78000020980835,4.78000020980835,586
2025-11-19 16:10:00+00:00,4.739999771118164,4.739999771118164,4.739999771118164,4.739999771118164,323
2025-11-19 16:40:00+00:00,4.75,4.75,4.739999771118164,4.739999771118164,2038
2025-11-19 16:45:00+00:00,4.768700122833252,4.768700122833252,4.768700122833252,4.768700122833252,86
2025-11-19 17:00:00+00:00,4.859899997711182,4.859899997711182,4.859899997711182,4.859899997711182,301
2025-11-19 17:10:00+00:00,4.860000133514404,4.860000133514404,4.827000141143799,4.827000141143799,1200
2025-11-19 17:15:00+00:00,4.880000114440918,4.880000114440918,4.880000114440918,4.880000114440918,310
2025-11-19 17:20:00+00:00,5.099999904632568,5.349999904632568,5.079999923706055,5.349999904632568,6044
2025-11-19 17:25:00+00:00,5.080100059509277,5.125,4.949999809265137,5.059999942779541,2680
2025-11-19 17:30:00+00:00,4.940000057220459,5.329999923706055,4.940000057220459,5.230000019073486,6493
2025-11-19 17:35:00+00:00,5.039999961853027,5.050000190734863,4.789999961853027,4.789999961853027,911
2025-11-19 17:40:00+00:00,4.789999961853027,4.800000190734863,4.789999961853027,4.800000190734863,792
2025-11-19 17:45:00+00:00,4.860000133514404,4.860000133514404,4.860000133514404,4.860000133514404,178
2025-11-19 17:55:00+00:00,4.909999847412109,4.949999809265137,4.909999847412109,4.949999809265137,543
2025-11-19 18:15:00+00:00,5.0,5.0,4.929999828338623,4.929999828338623,1485
2025-11-19 18:20:00+00:00,5.043099880218506,5.043099880218506,5.043099880218506,5.043099880218506,204
2025-11-19 18:35:00+00:00,4.969299793243408,4.969299793243408,4.969299793243408,4.969299793243408,360
2025-11-19 18:55:00+00:00,4.980000019073486,4.980000019073486,4.980000019073486,4.980000019073486,200
2025-11-19 19:10:00+00:00,5.010000228881836,5.010000228881836,5.010000228881836,5.010000228881836,100
2025-11-19 19:25:00+00:00,5.260000228881836,5.349999904632568,5.025000095367432,5.025000095367432,5961
2025-11-19 19:30:00+00:00,5.110000133514404,5.110000133514404,5.110000133514404,5.110000133514404,0
2025-11-19 19:40:00+00:00,5.130000114440918,5.130000114440918,5.078000068664551,5.078000068664551,459
2025-11-19 19:55:00+00:00,4.989999771118164,5.119999885559082,4.989999771118164,5.119999885559082,588
2025-11-19 20:05:00+00:00,5.050000190734863,5.050000190734863,5.050000190734863,5.050000190734863,301
2025-11-19 20:15:00+00:00,5.25,5.25,5.25,5.25,300
2025-11-19 20:20:00+00:00,5.232999801635742,5.264100074768066,5.232999801635742,5.264100074768066,5042
2025-11-19 20:25:00+00:00,5.21999979019165,5.21999979019165,5.21999979019165,5.21999979019165,620
2025-11-19 20:55:00+00:00,5.199999809265137,5.199999809265137,5.179999828338623,5.179999828338623,770
2025-11-20 14:30:00+00:00,5.360000133514404,5.449900150299072,5.360000133514404,5.449900150299072,1179
2025-11-20 14:40:00+00:00,5.309500217437744,5.309500217437744,5.309500217437744,5.309500217437744,348
2025-11-20 14:45:00+00:00,5.380000114440918,5.380000114440918,5.329999923706055,5.329999923706055,2130
2025-11-20 14:55:00+00:00,5.369999885559082,5.369999885559082,5.360000133514404,5.360000133514404,1501
2025-11-20 15:10:00+00:00,5.400000095367432,5.400000095367432,5.400000095367432,5.400000095367432,661
2025-11-20 15:20:00+00:00,5.369999885559082,5.369999885559082,5.369999885559082,5.369999885559082,1500
2025-11-20 15:35:00+00:00,5.29449987411499,5.29449987411499,5.250100135803223,5.250100135803223,490
2025-11-20 16:00:00+00:00,5.335000038146973,5.335000038146973,5.335000038146973,5.335000038146973,269
2025-11-20 16:25:00+00:00,5.2418999671936035,5.2418999671936035,5.2418999671936035,5.2418999671936035,130
2025-11-20 16:35:00+00:00,5.269999980926514,5.269999980926514,5.269999980926514,5.269999980926514,409
2025-11-20 16:40:00+00:00,5.239999771118164,5.25,5.239999771118164,5.25,1028
2025-11-20 16:50:00+00:00,5.320099830627441,5.320099830627441,5.320099830627441,5.320099830627441,243
2025-11-20 16:55:00+00:00,5.364999771118164,5.364999771118164,5.329999923706055,5.329999923706055,1338
2025-11-20 17:10:00+00:00,5.239999771118164,5.239999771118164,5.239999771118164,5.239999771118164,405
2025-11-20 17:35:00+00:00,5.159900188446045,5.159900188446045,5.130000114440918,5.130000114440918,908
2025-11-20 17:45:00+00:00,5.080100059509277,5.0920000076293945,5.080100059509277,5.080100059509277,2181
2025-11-20 19:00:00+00:00,5.03000020980835,5.03000020980835,4.960000038146973,4.960000038146973,2295
2025-11-20 19:55:00+00:00,4.960100173950195,4.981599807739258,4.960100173950195,4.981599807739258,904
2025-11-20 20:40:00+00:00,4.960000038146973,4.960000038146973,4.960000038146973,4.960000038146973,752
2025-11-20 20:50:00+00:00,4.850100040435791,4.850100040435791,4.850100040435791,4.850100040435791,400
2025-11-20 20:55:00+00:00,4.949999809265137,4.949999809265137,4.869999885559082,4.899499893188477,2754
2025-11-21 14:35:00+00:00,4.96999979019165,4.96999979019165,4.96999979019165,4.96999979019165,493
2025-11-21 14:50:00+00:00,4.917699813842773,4.917699813842773,4.909999847412109,4.909999847412109,223
2025-11-21 14:55:00+00:00,4.840000152587891,4.840000152587891,4.840000152587891,4.840000152587891,2596
2025-11-21 15:25:00+00:00,4.909999847412109,4.909999847412109,4.909999847412109,4.909999847412109,199
2025-11-21 15:40:00+00:00,4.909999847412109,4.909999847412109,4.909999847412109,4.909999847412109,369
2025-11-21 16:20:00+00:00,4.880000114440918,4.880000114440918,4.880000114440918,4.880000114440918,114
2025-11-21 16:30:00+00:00,4.78000020980835,4.78000020980835,4.78000020980835,4.78000020980835,1050
2025-11-21 17:15:00+00:00,4.989999771118164,4.989999771118164,4.96999979019165,4.96999979019165,903
2025-11-21 17:40:00+00:00,5.0,5.0,4.980000019073486,4.980000019073486,1053
2025-11-21 18:15:00+00:00,5.059999942779541,5.059999942779541,5.059999942779541,5.059999942779541,353
2025-11-21 18:40:00+00:00,5.110000133514404,5.110000133514404,5.070000171661377,5.070000171661377,337
2025-11-21 18:45:00+00:00,5.0,5.0,5.0,5.0,262
2025-11-21 19:00:00+00:00,5.010000228881836,5.010000228881836,5.010000228881836,5.010000228881836,437
2025-11-21 19:40:00+00:00,5.0,5.0,5.0,5.0,797
2025-11-21 20:40:00+00:00,5.050000190734863,5.050000190734863,5.050000190734863,5.050000190734863,4200
2025-11-21 20:50:00+00:00,5.084099769592285,5.099999904632568,5.039999961853027,5.039999961853027,2443
2025-11-21 20:55:00+00:00,5.070000171661377,5.070000171661377,5.070000171661377,5.070000171661377,272
2025-11-24 14:40:00+00:00,5.189199924468994,5.189199924468994,5.189199924468994,5.189199924468994,10105
2025-11-24 14:45:00+00:00,5.190000057220459,5.190000057220459,5.190000057220459,5.190000057220459,74
2025-11-24 14:50:00+00:00,5.36870002746582,5.440000057220459,5.209499835968018,5.209499835968018,3105
2025-11-24 14:55:00+00:00,5.429999828338623,5.440000057220459,5.340000152587891,5.340000152587891,2243
2025-11-24 15:00:00+00:00,5.590000152587891,5.640100002288818,5.480000019073486,5.480000019073486,2918
2025-11-24 15:05:00+00:00,5.730000019073486,5.730000019073486,5.590000152587891,5.610000133514404,2860
2025-11-24 15:10:00+00:00,5.887700080871582,5.887700080871582,5.792500019073486,5.829999923706055,2295
2025-11-24 15:15:00+00:00,5.829999923706055,5.840000152587891,5.800000190734863,5.840000152587891,2233
2025-11-24 15:20:00+00:00,5.809999942779541,5.840000152587891,5.699999809265137,5.739999771118164,4255
2025-11-24 15:25:00+00:00,5.78000020980835,5.809999942779541,5.78000020980835,5.809999942779541,1170
2025-11-24 15:30:00+00:00,5.712399959564209,5.860000133514404,5.550000190734863,5.795000076293945,5413
2025-11-24 15:35:00+00:00,5.730100154876709,5.730100154876709,5.730100154876709,5.730100154876709,497
2025-11-24 15:45:00+00:00,5.789999961853027,5.789999961853027,5.739999771118164,5.739999771118164,2079
2025-11-24 15:50:00+00:00,5.789299964904785,5.789299964904785,5.789299964904785,5.789299964904785,59
2025-11-24 16:05:00+00:00,5.715000152587891,5.715000152587891,5.715000152587891,5.715000152587891,143
2025-11-24 16:10:00+00:00,5.715000152587891,5.715000152587891,5.715000152587891,5.715000152587891,183
2025-11-24 16:20:00+00:00,5.754000186920166,5.754000186920166,5.754000186920166,5.754000186920166,336
2025-11-24 16:30:00+00:00,5.730000019073486,5.730000019073486,5.730000019073486,5.730000019073486,1231
2025-11-24 16:45:00+00:00,5.78000020980835,5.78000020980835,5.78000020980835,5.78000020980835,221
2025-11-24 16:50:00+00:00,5.710000038146973,5.710000038146973,5.710000038146973,5.710000038146973,149
2025-11-24 17:00:00+00:00,5.804999828338623,5.804999828338623,5.762400150299072,5.762400150299072,1856
2025-11-24 18:00:00+00:00,5.78000020980835,5.78000020980835,5.78000020980835,5.78000020980835,151
2025-11-24 18:15:00+00:00,5.880000114440918,5.880000114440918,5.760000228881836,5.760000228881836,7791
2025-11-24 18:20:00+00:00,6.260000228881836,6.289999961853027,5.840000152587891,5.940000057220459,12863
2025-11-24 18:25:00+00:00,6.150000095367432,6.150000095367432,6.050000190734863,6.050000190734863,1800
2025-11-24 18:30:00+00:00,6.010499954223633,6.150000095367432,6.010000228881836,6.150000095367432,2078
2025-11-24 18:45:00+00:00,5.970099925994873,5.970099925994873,5.970099925994873,5.970099925994873,206
2025-11-24 18:50:00+00:00,6.09630012512207,6.09630012512207,6.09630012512207,6.09630012512207,344
2025-11-24 19:05:00+00:00,6.340000152587891,6.340000152587891,6.181000232696533,6.190000057220459,728
2025-11-24 19:10:00+00:00,6.389999866485596,6.389999866485596,6.190000057220459,6.230000019073486,8319
2025-11-24 19:15:00+00:00,6.1442999839782715,6.1442999839782715,6.1442999839782715,6.1442999839782715,326
2025-11-24 19:25:00+00:00,6.262800216674805,6.262800216674805,6.262800216674805,6.262800216674805,1055
2025-11-24 19:55:00+00:00,6.350399971008301,6.350399971008301,6.350399971008301,6.350399971008301,219
2025-11-24 20:00:00+00:00,6.239999771118164,6.25,6.239999771118164,6.25,2067
2025-11-24 20:45:00+00:00,6.429999828338623,6.429999828338623,6.349999904632568,6.3815999031066895,2463
2025-11-24 20:50:00+00:00,6.458700180053711,6.458700180053711,6.458700180053711,6.458700180053711,852
2025-11-24 20:55:00+00:00,6.140600204467773,6.140600204467773,6.140600204467773,6.140600204467773,404
2025-11-25 14:30:00+00:00,6.409999847412109,6.409999847412109,6.409999847412109,6.409999847412109,1789
2025-11-25 15:00:00+00:00,6.099999904632568,6.195000171661377,6.080100059509277,6.099999904632568,3882
2025-11-25 15:05:00+00:00,6.150000095367432,6.150000095367432,6.090000152587891,6.090000152587891,1356
2025-11-25 15:30:00+00:00,5.989999771118164,6.0,5.989999771118164,6.0,457
2025-11-25 15:35:00+00:00,5.96999979019165,5.96999979019165,5.929999828338623,5.929999828338623,469
2025-11-25 15:40:00+00:00,5.937099933624268,5.937099933624268,5.937099933624268,5.937099933624268,175
2025-11-25 15:45:00+00:00,5.889999866485596,5.940000057220459,5.889999866485596,5.940000057220459,1696
2025-11-25 15:50:00+00:00,5.889999866485596,5.889999866485596,5.889999866485596,5.889999866485596,719
2025-11-25 16:00:00+00:00,6.019999980926514,6.019999980926514,6.019999980926514,6.019999980926514,10612
2025-11-25 16:45:00+00:00,5.760000228881836,5.789999961853027,5.760000228881836,5.789999961853027,1308
2025-11-25 16:50:00+00:00,5.920000076293945,5.9633002281188965,5.742400169372559,5.789999961853027,8236
2025-11-25 17:05:00+00:00,5.700099945068359,5.700099945068359,5.700099945068359,5.700099945068359,844
2025-11-25 18:20:00+00:00,5.849999904632568,5.860000133514404,5.849999904632568,5.860000133514404,1777
2025-11-25 18:25:00+00:00,5.860000133514404,5.860000133514404,5.860000133514404,5.860000133514404,705
2025-11-25 19:10:00+00:00,5.610000133514404,5.610000133514404,5.610000133514404,5.610000133514404,200
2025-11-25 19:15:00+00:00,5.760000228881836,5.760000228881836,5.610000133514404,5.619999885559082,4060
2025-11-25 19:20:00+00:00,5.670000076293945,5.670000076293945,5.670000076293945,5.670000076293945,283
2025-11-25 19:30:00+00:00,5.730000019073486,5.730000019073486,5.730000019073486,5.730000019073486,105
2025-11-25 19:40:00+00:00,5.710000038146973,5.710000038146973,5.710000038146973,5.710000038146973,1305
2025-11-25 19:45:00+00:00,5.75,5.75,5.71999979019165,5.71999979019165,1230
2025-11-25 19:50:00+00:00,5.75,5.760000228881836,5.730000019073486,5.760000228881836,800
2025-11-25 19:55:00+00:00,5.679999828338623,5.679999828338623,5.679999828338623,5.679999828338623,0
2025-11-25 20:20:00+00:00,5.71999979019165,5.71999979019165,5.71999979019165,5.71999979019165,838
2025-11-25 20:45:00+00:00,5.620500087738037,5.630000114440918,5.620500087738037,5.630000114440918,201
2025-11-25 20:50:00+00:00,5.624100208282471,5.624100208282471,5.624100208282471,5.624100208282471,1005
2025-11-25 20:55:00+00:00,5.610000133514404,5.659999847412109,5.610000133514404,5.644999980926514,1869
2025-11-26 14:30:00+00:00,5.699999809265137,5.860000133514404,5.579999923706055,5.860000133514404,3851
2025-11-26 14:50:00+00:00,5.513500213623047,5.513500213623047,5.513500213623047,5.513500213623047,475
2025-11-26 14:55:00+00:00,5.639999866485596,5.639999866485596,5.639999866485596,5.639999866485596,215
2025-11-26 15:05:00+00:00,5.579899787902832,5.579999923706055,5.539999961853027,5.579999923706055,464
2025-11-26 16:15:00+00:00,5.46999979019165,5.519999980926514,5.449999809265137,5.519999980926514,2950
2025-11-26 16:20:00+00:00,5.489999771118164,5.489999771118164,5.429999828338623,5.429999828338623,651
2025-11-26 16:25:00+00:00,5.410699844360352,5.410699844360352,5.410699844360352,5.410699844360352,706
2025-11-26 17:30:00+00:00,5.300000190734863,5.360000133514404,5.300000190734863,5.360000133514404,1180
2025-11-26 17:40:00+00:00,5.21999979019165,5.2281999588012695,5.21999979019165,5.2281999588012695,654
2025-11-26 19:05:00+00:00,5.113900184631348,5.113900184631348,5.113900184631348,5.113900184631348,727
2025-11-26 19:10:00+00:00,5.050000190734863,5.144999980926514,5.050000190734863,5.077499866485596,833
2025-11-26 19:25:00+00:00,5.144999980926514,5.144999980926514,5.144999980926514,5.144999980926514,793
2025-11-26 19:45:00+00:00,4.949999809265137,5.050000190734863,4.949999809265137,5.050000190734863,547
2025-11-26 19:50:00+00:00,4.900000095367432,4.929999828338623,4.900000095367432,4.900000095367432,2570
2025-11-26 19:55:00+00:00,4.735000133514404,4.735000133514404,4.735000133514404,4.735000133514404,251
2025-11-26 20:00:00+00:00,4.730100154876709,4.739999771118164,4.730100154876709,4.739999771118164,1191
2025-11-26 20:20:00+00:00,4.909900188446045,4.909900188446045,4.909900188446045,4.909900188446045,262
2025-11-26 20:35:00+00:00,4.730100154876709,4.730100154876709,4.730100154876709,4.730100154876709,200
2025-11-26 20:40:00+00:00,4.860000133514404,4.899899959564209,4.73199987411499,4.73199987411499,2103
2025-11-26 20:45:00+00:00,4.96999979019165,4.96999979019165,4.860000133514404,4.860000133514404,4548
2025-11-26 20:55:00+00:00,5.099999904632568,5.099999904632568,4.920000076293945,4.920000076293945,6398
2025-11-28 14:30:00+00:00,4.809999942779541,4.949999809265137,4.809999942779541,4.949999809265137,4662
2025-11-28 14:40:00+00:00,4.809999942779541,4.809999942779541,4.809999942779541,4.809999942779541,300
2025-11-28 14:45:00+00:00,4.809999942779541,4.809999942779541,4.809999942779541,4.809999942779541,699
2025-11-28 14:50:00+00:00,4.809999942779541,4.817200183868408,4.809999942779541,4.817200183868408,830
2025-11-28 15:05:00+00:00,4.869999885559082,4.869999885559082,4.869999885559082,4.869999885559082,210
2025-11-28 15:10:00+00:00,4.885000228881836,4.885000228881836,4.885000228881836,4.885000228881836,975
2025-11-28 17:00:00+00:00,4.947299957275391,4.947299957275391,4.947299957275391,4.947299957275391,2005
2025-11-28 17:45:00+00:00,4.860000133514404,4.9019999504089355,4.860000133514404,4.9019999504089355,587
2025-11-28 17:50:00+00:00,4.809999942779541,4.850800037384033,4.809999942779541,4.850800037384033,1518
2025-11-28 17:55:00+00:00,4.809999942779541,4.809999942779541,4.809999942779541,4.809999942779541,9472
2025-12-01 14:30:00+00:00,10.870100021362305,11.600000381469727,9.8100004196167,10.6899995803833,6600846
2025-12-01 14:35:00+00:00,10.180000305175781,11.639900207519531,10.010000228881836,10.948599815368652,744366
2025-12-01 14:40:00+00:00,9.510000228881836,10.470000267028809,9.510000228881836,10.180000305175781,245925
2025-12-01 14:45:00+00:00,10.399999618530273,10.75,9.520000457763672,9.539999961853027,396878
2025-12-01 14:50:00+00:00,11.890000343322754,11.890000343322754,10.079999923706055,10.399999618530273,738091
2025-12-01 14:55:00+00:00,11.890000343322754,11.890000343322754,11.890000343322754,11.890000343322754,139
2025-12-01 15:05:00+00:00,15.170000076293945,15.170000076293945,12.651100158691406,12.880000114440918,1576791
2025-12-01 15:10:00+00:00,15.251099586486816,16.899999618530273,14.15999984741211,15.609999656677246,577969
2025-12-01 15:15:00+00:00,15.576299667358398,17.309999465942383,14.819999694824219,15.19219970703125,1205279
2025-12-01 15:20:00+00:00,15.5,16.200000762939453,14.399999618530273,15.656999588012695,571983
2025-12-01 15:25:00+00:00,15.870599746704102,17.0,15.030099868774414,15.380000114440918,908037
2025-12-01 15:30:00+00:00,14.109999656677246,16.200000762939453,14.109999656677246,15.95199966430664,537394
2025-12-01 15:35:00+00:00,14.109999656677246,14.109999656677246,14.109999656677246,14.109999656677246,14414
2025-12-01 15:40:00+00:00,14.883999824523926,15.239999771118164,13.609999656677246,13.8100004196167,464105
2025-12-01 15:45:00+00:00,15.020000457763672,15.800000190734863,14.660599708557129,14.819999694824219,408026
2025-12-01 15:50:00+00:00,13.84000015258789,15.350000381469727,13.539999961853027,14.88010025024414,287842
2025-12-01 15:55:00+00:00,13.949999809265137,14.170000076293945,13.319999694824219,13.904999732971191,247871
2025-12-01 16:00:00+00:00,13.928500175476074,14.149999618530273,13.3100004196167,14.149999618530273,156849
2025-12-01 16:05:00+00:00,14.814599990844727,15.279999732971191,13.630000114440918,13.958700180053711,391023
2025-12-01 16:10:00+00:00,15.020000457763672,15.5,14.510000228881836,14.764699935913086,438705
2025-12-01 16:15:00+00:00,13.800000190734863,16.389999389648438,13.800000190734863,15.020000457763672,799791
2025-12-01 16:20:00+00:00,14.140000343322754,14.399999618530273,13.300000190734863,13.300000190734863,212858
2025-12-01 16:25:00+00:00,13.25,14.489999771118164,13.0,14.235699653625488,308466
2025-12-01 16:30:00+00:00,12.8100004196167,13.460000038146973,12.079999923706055,13.25,264172
2025-12-01 16:35:00+00:00,13.050000190734863,13.100000381469727,12.670000076293945,12.800000190734863,84345
2025-12-01 16:40:00+00:00,11.979999542236328,13.050000190734863,11.850000381469727,13.050000190734863,139745
2025-12-01 16:45:00+00:00,12.499899864196777,12.770000457763672,11.850000381469727,11.914999961853027,171366
2025-12-01 16:50:00+00:00,12.750300407409668,13.25,12.0,12.451199531555176,149523
2025-12-01 16:55:00+00:00,13.25,13.489999771118164,12.510000228881836,12.773200035095215,174012
2025-12-01 17:00:00+00:00,12.390000343322754,13.283100128173828,12.119999885559082,13.270000457763672,139703
2025-12-01 17:05:00+00:00,12.260000228881836,12.539999961853027,12.130000114440918,12.460000038146973,71563
2025-12-01 17:10:00+00:00,11.648900032043457,12.5,11.5600004196167,12.319999694824219,143426
2025-12-01 17:15:00+00:00,11.420000076293945,11.770000457763672,11.229999542236328,11.670000076293945,97131
2025-12-01 17:20:00+00:00,11.710000038146973,11.850000381469727,11.20009994506836,11.46500015258789,107983
2025-12-01 17:25:00+00:00,11.925999641418457,11.9399995803833,11.529999732971191,11.765000343322754,87416
2025-12-01 17:30:00+00:00,11.890000343322754,12.350000381469727,11.800000190734863,11.926199913024902,117503
2025-12-01 17:35:00+00:00,11.614999771118164,11.960000038146973,11.399999618530273,11.84000015258789,66811
2025-12-01 17:40:00+00:00,12.149900436401367,12.350000381469727,11.520000457763672,11.614999771118164,98933
2025-12-01 17:45:00+00:00,12.02750015258789,12.300000190734863,11.800000190734863,12.140000343322754,98357
2025-12-01 17:50:00+00:00,11.789999961853027,12.100000381469727,11.699999809265137,12.010600090026855,58384
2025-12-01 17:55:00+00:00,11.649999618530273,11.879899978637695,11.578399658203125,11.879899978637695,42815
2025-12-01 18:00:00+00:00,11.680000305175781,11.920000076293945,11.520400047302246,11.64840030670166,54665
2025-12-01 18:05:00+00:00,11.5,11.676899909973145,11.3100004196167,11.630800247192383,50988
2025-12-01 18:10:00+00:00,11.620100021362305,11.850000381469727,11.380000114440918,11.48550033569336,40586
2025-12-01 18:15:00+00:00,11.6673002243042,11.800000190734863,11.260100364685059,11.770000457763672,35131
2025-12-01 18:20:00+00:00,12.05739974975586,12.319999694824219,11.609999656677246,11.636699676513672,127279
2025-12-01 18:25:00+00:00,12.30150032043457,12.6899995803833,12.010000228881836,12.050000190734863,16372682
2025-12-01 18:30:00+00:00,12.640000343322754,12.719900131225586,12.050000190734863,12.222000122070312,137957
2025-12-01 18:35:00+00:00,12.376099586486816,13.162799835205078,12.300000190734863,12.670000076293945,194984
2025-12-01 18:40:00+00:00,12.100000381469727,12.839900016784668,11.920000076293945,12.5,74981
2025-12-01 18:45:00+00:00,12.28499984741211,12.350000381469727,12.050000190734863,12.100000381469727,52600
2025-12-01 18:50:00+00:00,12.600000381469727,13.270000457763672,12.272000312805176,12.312000274658203,161936
2025-12-01 18:55:00+00:00,12.541500091552734,12.789899826049805,12.359999656677246,12.537599563598633,66448
2025-12-01 19:00:00+00:00,13.189800262451172,13.33530044555664,12.359999656677246,12.505000114440918,187143
2025-12-01 19:05:00+00:00,14.899999618530273,14.899999618530273,13.010000228881836,13.159500122070312,351116
2025-12-01 19:10:00+00:00,14.789999961853027,15.669899940490723,13.802000045776367,14.34000015258789,284038
2025-12-01 19:15:00+00:00,15.0600004196167,15.3100004196167,14.5,14.664999961853027,330912
2025-12-01 19:20:00+00:00,14.499899864196777,15.010000228881836,14.170000076293945,14.920000076293945,282818
2025-12-01 19:25:00+00:00,14.693400382995605,15.0,14.350000381469727,14.38129997253418,283230
2025-12-01 19:30:00+00:00,13.320500373840332,15.600000381469727,13.0600004196167,14.600000381469727,490812
2025-12-01 19:35:00+00:00,13.34220027923584,13.729900360107422,12.800000190734863,13.348999977111816,198939
2025-12-01 19:40:00+00:00,13.100000381469727,13.5,12.850000381469727,13.350000381469727,103851
2025-12-01 19:45:00+00:00,13.061300277709961,13.3100004196167,12.5,13.010000228881836,132365
2025-12-01 19:50:00+00:00,13.449999809265137,13.850000381469727,12.699999809265137,13.199999809265137,161592
2025-12-01 19:55:00+00:00,13.29990005493164,13.779999732971191,12.84000015258789,13.531100273132324,145503
2025-12-01 20:00:00+00:00,12.994999885559082,13.399999618530273,12.5600004196167,13.29990005493164,91422
2025-12-01 20:05:00+00:00,12.9399995803833,13.057900428771973,12.350000381469727,13.039999961853027,97504
2025-12-01 20:10:00+00:00,12.09000015258789,12.960000038146973,11.770000457763672,12.930000305175781,130179
2025-12-01 20:15:00+00:00,12.170100212097168,12.300000190734863,11.800000190734863,12.199899673461914,52704
2025-12-01 20:20:00+00:00,11.949999809265137,12.29990005493164,11.800100326538086,12.298700332641602,40694
2025-12-01 20:25:00+00:00,12.208399772644043,12.430000305175781,11.720000267028809,11.949999809265137,58371
2025-12-01 20:30:00+00:00,12.302000045776367,12.779999732971191,12.188799858093262,12.188799858093262,85161
2025-12-01 20:35:00+00:00,13.29800033569336,13.300000190734863,12.229999542236328,12.319999694824219,166604
2025-12-01 20:40:00+00:00,13.156000137329102,13.64109992980957,12.750100135803223,13.289999961853027,141794
2025-12-01 20:45:00+00:00,12.835000038146973,13.489999771118164,12.699999809265137,13.199999809265137,86744
2025-12-01 20:50:00+00:00,13.129899978637695,13.479999542236328,12.710000038146973,12.854999542236328,109476
2025-12-01 20:55:00+00:00,14.300000190734863,14.399999618530273,13.130000114440918,13.239999771118164,418424
